data,total
2009-01-01,423
2009-01-02,435
2009-01-03,416
2009-01-04,380
2009-01-05,446
2009-01-06,408
2009-01-07,391
2009-01-08,404
2009-01-09,373
2009-01-10,382
2009-01-11,448
2009-01-12,429
2009-01-13,417
2009-01-14,386
2009-01-15,402
2009-01-16,419
2009-01-17,372
2009-01-18,396
2009-01-19,429
2009-01-20,391
2009-01-21,392
2009-01-22,368
2009-01-23,386
2009-01-24,364
2009-01-25,369
2009-01-26,368
2009-01-27,370
2009-01-28,352
2009-01-29,368
2009-01-30,336
2009-01-31,317
2009-02-01,356
2009-02-02,381
2009-02-03,355
2009-02-04,311
2009-02-05,333
2009-02-06,356
2009-02-07,294
2009-02-08,327
2009-02-09,391
2009-02-10,335
2009-02-11,369
2009-02-12,350
2009-02-13,355
2009-02-14,313
2009-02-15,338
2009-02-16,346
2009-02-17,348
2009-02-18,317
2009-02-19,285
2009-02-20,321
2009-02-21,316
2009-02-22,311
2009-02-23,358
2009-02-24,356
2009-02-25,359
2009-02-26,364
2009-02-27,358
2009-02-28,324
2009-03-01,347
2009-03-02,328
2009-03-03,327
2009-03-04,304
2009-03-05,323
2009-03-06,331
2009-03-07,299
2009-03-08,297
2009-03-09,347
2009-03-10,294
2009-03-11,313
2009-03-12,300
2009-03-13,342
2009-03-14,302
2009-03-15,330
2009-03-16,315
2009-03-17,294
2009-03-18,308
2009-03-19,289
2009-03-20,300
2009-03-21,282
2009-03-22,279
2009-03-23,306
2009-03-24,308
2009-03-25,284
2009-03-26,280
2009-03-27,277
2009-03-28,275
2009-03-29,255
2009-03-30,282
2009-03-31,268
2009-04-01,286
2009-04-02,285
2009-04-03,294
2009-04-04,272
2009-04-05,268
2009-04-06,286
2009-04-07,283
2009-04-08,294
2009-04-09,279
2009-04-10,257
2009-04-11,286
2009-04-12,255
2009-04-13,301
2009-04-14,296
2009-04-15,287
2009-04-16,248
2009-04-17,288
2009-04-18,298
2009-04-19,266
2009-04-20,277
2009-04-21,298
2009-04-22,285
2009-04-23,299
2009-04-24,315
2009-04-25,274
2009-04-26,272
2009-04-27,265
2009-04-28,315
2009-04-29,298
2009-04-30,264
2009-05-01,240
2009-05-02,265
2009-05-03,280
2009-05-04,301
2009-05-05,301
2009-05-06,291
2009-05-07,258
2009-05-08,252
2009-05-09,272
2009-05-10,261
2009-05-11,264
2009-05-12,285
2009-05-13,260
2009-05-14,241
2009-05-15,253
2009-05-16,266
2009-05-17,237
2009-05-18,256
2009-05-19,287
2009-05-20,267
2009-05-21,242
2009-05-22,272
2009-05-23,283
2009-05-24,270
2009-05-25,246
2009-05-26,263
2009-05-27,240
2009-05-28,255
2009-05-29,284
2009-05-30,262
2009-05-31,300
2009-06-01,301
2009-06-02,271
2009-06-03,270
2009-06-04,254
2009-06-05,248
2009-06-06,249
2009-06-07,233
2009-06-08,256
2009-06-09,228
2009-06-10,214
2009-06-11,239
2009-06-12,237
2009-06-13,273
2009-06-14,253
2009-06-15,281
2009-06-16,255
2009-06-17,281
2009-06-18,252
2009-06-19,278
2009-06-20,303
2009-06-21,287
2009-06-22,283
2009-06-23,256
2009-06-24,243
2009-06-25,252
2009-06-26,243
2009-06-27,251
2009-06-28,263
2009-06-29,224
2009-06-30,236
2009-07-01,250
2009-07-02,249
2009-07-03,248
2009-07-04,219
2009-07-05,262
2009-07-06,230
2009-07-07,211
2009-07-08,244
2009-07-09,235
2009-07-10,236
2009-07-11,242
2009-07-12,251
2009-07-13,223
2009-07-14,214
2009-07-15,258
2009-07-16,213
2009-07-17,245
2009-07-18,222
2009-07-19,238
2009-07-20,288
2009-07-21,258
2009-07-22,253
2009-07-23,237
2009-07-24,232
2009-07-25,239
2009-07-26,216
2009-07-27,256
2009-07-28,239
2009-07-29,237
2009-07-30,247
2009-07-31,228
2009-08-01,244
2009-08-02,236
2009-08-03,249
2009-08-04,256
2009-08-05,280
2009-08-06,239
2009-08-07,217
2009-08-08,224
2009-08-09,232
2009-08-10,274
2009-08-11,272
2009-08-12,265
2009-08-13,291
2009-08-14,336
2009-08-15,304
2009-08-16,272
2009-08-17,305
2009-08-18,286
2009-08-19,263
2009-08-20,270
2009-08-21,262
2009-08-22,238
2009-08-23,251
2009-08-24,253
2009-08-25,248
2009-08-26,237
2009-08-27,268
2009-08-28,253
2009-08-29,235
2009-08-30,220
2009-08-31,255
2009-09-01,296
2009-09-02,233
2009-09-03,221
2009-09-04,257
2009-09-05,233
2009-09-06,251
2009-09-07,235
2009-09-08,269
2009-09-09,228
2009-09-10,262
2009-09-11,248
2009-09-12,259
2009-09-13,238
2009-09-14,241
2009-09-15,240
2009-09-16,228
2009-09-17,242
2009-09-18,244
2009-09-19,228
2009-09-20,243
2009-09-21,271
2009-09-22,242
2009-09-23,245
2009-09-24,253
2009-09-25,244
2009-09-26,252
2009-09-27,234
2009-09-28,255
2009-09-29,260
2009-09-30,303
2009-10-01,281
2009-10-02,264
2009-10-03,247
2009-10-04,251
2009-10-05,270
2009-10-06,261
2009-10-07,253
2009-10-08,255
2009-10-09,255
2009-10-10,240
2009-10-11,258
2009-10-12,255
2009-10-13,254
2009-10-14,302
2009-10-15,260
2009-10-16,266
2009-10-17,252
2009-10-18,244
2009-10-19,265
2009-10-20,305
2009-10-21,257
2009-10-22,252
2009-10-23,248
2009-10-24,261
2009-10-25,278
2009-10-26,278
2009-10-27,253
2009-10-28,258
2009-10-29,233
2009-10-30,276
2009-10-31,260
2009-11-01,277
2009-11-02,254
2009-11-03,254
2009-11-04,269
2009-11-05,263
2009-11-06,268
2009-11-07,252
2009-11-08,234
2009-11-09,276
2009-11-10,268
2009-11-11,297
2009-11-12,272
2009-11-13,271
2009-11-14,293
2009-11-15,253
2009-11-16,306
2009-11-17,277
2009-11-18,268
2009-11-19,300
2009-11-20,266
2009-11-21,281
2009-11-22,275
2009-11-23,245
2009-11-24,268
2009-11-25,295
2009-11-26,321
2009-11-27,310
2009-11-28,280
2009-11-29,265
2009-11-30,353
2009-12-01,299
2009-12-02,318
2009-12-03,315
2009-12-04,318
2009-12-05,323
2009-12-06,306
2009-12-07,320
2009-12-08,306
2009-12-09,324
2009-12-10,311
2009-12-11,306
2009-12-12,288
2009-12-13,321
2009-12-14,256
2009-12-15,326
2009-12-16,322
2009-12-17,326
2009-12-18,308
2009-12-19,318
2009-12-20,295
2009-12-21,393
2009-12-22,371
2009-12-23,354
2009-12-24,351
2009-12-25,339
2009-12-26,338
2009-12-27,328
2009-12-28,381
2009-12-29,374
2009-12-30,372
2009-12-31,335
2010-01-01,318
2010-01-02,364
2010-01-03,357
2010-01-04,322
2010-01-05,334
2010-01-06,341
2010-01-07,344
2010-01-08,329
2010-01-09,340
2010-01-10,348
2010-01-11,383
2010-01-12,375
2010-01-13,381
2010-01-14,344
2010-01-15,372
2010-01-16,356
2010-01-17,369
2010-01-18,361
2010-01-19,312
2010-01-20,312
2010-01-21,296
2010-01-22,316
2010-01-23,318
2010-01-24,314
2010-01-25,324
2010-01-26,320
2010-01-27,310
2010-01-28,332
2010-01-29,340
2010-01-30,328
2010-01-31,308
2010-02-01,323
2010-02-02,354
2010-02-03,317
2010-02-04,326
2010-02-05,334
2010-02-06,343
2010-02-07,290
2010-02-08,330
2010-02-09,335
2010-02-10,312
2010-02-11,305
2010-02-12,305
2010-02-13,303
2010-02-14,301
2010-02-15,384
2010-02-16,344
2010-02-17,386
2010-02-18,323
2010-02-19,347
2010-02-20,377
2010-02-21,377
2010-02-22,393
2010-02-23,376
2010-02-24,329
2010-02-25,361
2010-02-26,374
2010-02-27,310
2010-02-28,363
2010-03-01,336
2010-03-02,333
2010-03-03,333
2010-03-04,317
2010-03-05,312
2010-03-06,304
2010-03-07,345
2010-03-08,306
2010-03-09,326
2010-03-10,344
2010-03-11,312
2010-03-12,293
2010-03-13,313
2010-03-14,317
2010-03-15,296
2010-03-16,300
2010-03-17,324
2010-03-18,358
2010-03-19,354
2010-03-20,344
2010-03-21,314
2010-03-22,312
2010-03-23,307
2010-03-24,310
2010-03-25,295
2010-03-26,268
2010-03-27,292
2010-03-28,280
2010-03-29,294
2010-03-30,282
2010-03-31,288
2010-04-01,313
2010-04-02,291
2010-04-03,301
2010-04-04,264
2010-04-05,283
2010-04-06,319
2010-04-07,299
2010-04-08,323
2010-04-09,326
2010-04-10,283
2010-04-11,307
2010-04-12,316
2010-04-13,309
2010-04-14,278
2010-04-15,297
2010-04-16,275
2010-04-17,267
2010-04-18,291
2010-04-19,271
2010-04-20,263
2010-04-21,322
2010-04-22,293
2010-04-23,266
2010-04-24,280
2010-04-25,275
2010-04-26,296
2010-04-27,301
2010-04-28,279
2010-04-29,279
2010-04-30,273
2010-05-01,268
2010-05-02,269
2010-05-03,255
2010-05-04,271
2010-05-05,238
2010-05-06,268
2010-05-07,235
2010-05-08,242
2010-05-09,275
2010-05-10,256
2010-05-11,244
2010-05-12,275
2010-05-13,240
2010-05-14,256
2010-05-15,271
2010-05-16,264
2010-05-17,280
2010-05-18,300
2010-05-19,324
2010-05-20,301
2010-05-21,337
2010-05-22,320
2010-05-23,320
2010-05-24,285
2010-05-25,268
2010-05-26,255
2010-05-27,234
2010-05-28,255
2010-05-29,277
2010-05-30,242
2010-05-31,255
2010-06-01,278
2010-06-02,292
2010-06-03,277
2010-06-04,238
2010-06-05,238
2010-06-06,256
2010-06-07,241
2010-06-08,236
2010-06-09,267
2010-06-10,267
2010-06-11,230
2010-06-12,200
2010-06-13,219
2010-06-14,226
2010-06-15,247
2010-06-16,260
2010-06-17,258
2010-06-18,272
2010-06-19,266
2010-06-20,252
2010-06-21,219
2010-06-22,264
2010-06-23,278
2010-06-24,244
2010-06-25,241
2010-06-26,287
2010-06-27,277
2010-06-28,280
2010-06-29,278
2010-06-30,238
2010-07-01,309
2010-07-02,249
2010-07-03,264
2010-07-04,253
2010-07-05,312
2010-07-06,351
2010-07-07,355
2010-07-08,332
2010-07-09,296
2010-07-10,304
2010-07-11,268
2010-07-12,256
2010-07-13,254
2010-07-14,250
2010-07-15,243
2010-07-16,236
2010-07-17,253
2010-07-18,257
2010-07-19,245
2010-07-20,250
2010-07-21,288
2010-07-22,240
2010-07-23,224
2010-07-24,255
2010-07-25,240
2010-07-26,294
2010-07-27,337
2010-07-28,327
2010-07-29,349
2010-07-30,319
2010-07-31,285
2010-08-01,267
2010-08-02,263
2010-08-03,266
2010-08-04,291
2010-08-05,263
2010-08-06,267
2010-08-07,298
2010-08-08,346
2010-08-09,265
2010-08-10,338
2010-08-11,291
2010-08-12,318
2010-08-13,288
2010-08-14,257
2010-08-15,262
2010-08-16,251
2010-08-17,296
2010-08-18,239
2010-08-19,258
2010-08-20,240
2010-08-21,260
2010-08-22,248
2010-08-23,264
2010-08-24,223
2010-08-25,262
2010-08-26,265
2010-08-27,269
2010-08-28,231
2010-08-29,265
2010-08-30,290
2010-08-31,289
2010-09-01,282
2010-09-02,253
2010-09-03,239
2010-09-04,226
2010-09-05,262
2010-09-06,269
2010-09-07,257
2010-09-08,235
2010-09-09,244
2010-09-10,246
2010-09-11,249
2010-09-12,257
2010-09-13,298
2010-09-14,280
2010-09-15,242
2010-09-16,269
2010-09-17,247
2010-09-18,219
2010-09-19,269
2010-09-20,259
2010-09-21,223
2010-09-22,224
2010-09-23,247
2010-09-24,270
2010-09-25,245
2010-09-26,226
2010-09-27,224
2010-09-28,248
2010-09-29,256
2010-09-30,236
2010-10-01,241
2010-10-02,269
2010-10-03,281
2010-10-04,240
2010-10-05,273
2010-10-06,249
2010-10-07,275
2010-10-08,250
2010-10-09,214
2010-10-10,250
2010-10-11,254
2010-10-12,250
2010-10-13,289
2010-10-14,262
2010-10-15,255
2010-10-16,273
2010-10-17,264
2010-10-18,262
2010-10-19,294
2010-10-20,268
2010-10-21,283
2010-10-22,271
2010-10-23,251
2010-10-24,262
2010-10-25,275
2010-10-26,260
2010-10-27,278
2010-10-28,280
2010-10-29,296
2010-10-30,257
2010-10-31,321
2010-11-01,300
2010-11-02,274
2010-11-03,301
2010-11-04,273
2010-11-05,277
2010-11-06,311
2010-11-07,284
2010-11-08,271
2010-11-09,275
2010-11-10,292
2010-11-11,296
2010-11-12,290
2010-11-13,281
2010-11-14,282
2010-11-15,283
2010-11-16,273
2010-11-17,279
2010-11-18,303
2010-11-19,317
2010-11-20,287
2010-11-21,277
2010-11-22,290
2010-11-23,284
2010-11-24,295
2010-11-25,281
2010-11-26,287
2010-11-27,279
2010-11-28,314
2010-11-29,315
2010-11-30,341
2010-12-01,337
2010-12-02,320
2010-12-03,350
2010-12-04,329
2010-12-05,364
2010-12-06,419
2010-12-07,373
2010-12-08,327
2010-12-09,291
2010-12-10,299
2010-12-11,337
2010-12-12,323
2010-12-13,305
2010-12-14,306
2010-12-15,293
2010-12-16,288
2010-12-17,273
2010-12-18,307
2010-12-19,323
2010-12-20,324
2010-12-21,312
2010-12-22,332
2010-12-23,337
2010-12-24,307
2010-12-25,309
2010-12-26,323
2010-12-27,333
2010-12-28,353
2010-12-29,387
2010-12-30,352
2010-12-31,379
2011-01-01,384
2011-01-02,357
2011-01-03,370
2011-01-04,350
2011-01-05,368
2011-01-06,324
2011-01-07,348
2011-01-08,324
2011-01-09,312
2011-01-10,361
2011-01-11,332
2011-01-12,338
2011-01-13,318
2011-01-14,325
2011-01-15,307
2011-01-16,356
2011-01-17,352
2011-01-18,319
2011-01-19,303
2011-01-20,344
2011-01-21,313
2011-01-22,331
2011-01-23,358
2011-01-24,333
2011-01-25,332
2011-01-26,360
2011-01-27,349
2011-01-28,374
2011-01-29,356
2011-01-30,330
2011-01-31,371
2011-02-01,373
2011-02-02,383
2011-02-03,357
2011-02-04,372
2011-02-05,393
2011-02-06,357
2011-02-07,383
2011-02-08,389
2011-02-09,347
2011-02-10,362
2011-02-11,336
2011-02-12,308
2011-02-13,322
2011-02-14,369
2011-02-15,314
2011-02-16,324
2011-02-17,333
2011-02-18,341
2011-02-19,331
2011-02-20,315
2011-02-21,345
2011-02-22,366
2011-02-23,325
2011-02-24,349
2011-02-25,298
2011-02-26,298
2011-02-27,313
2011-02-28,325
2011-03-01,312
2011-03-02,299
2011-03-03,310
2011-03-04,287
2011-03-05,267
2011-03-06,295
2011-03-07,331
2011-03-08,305
2011-03-09,304
2011-03-10,337
2011-03-11,336
2011-03-12,317
2011-03-13,277
2011-03-14,328
2011-03-15,302
2011-03-16,268
2011-03-17,290
2011-03-18,330
2011-03-19,306
2011-03-20,313
2011-03-21,331
2011-03-22,358
2011-03-23,287
2011-03-24,291
2011-03-25,292
2011-03-26,296
2011-03-27,257
2011-03-28,299
2011-03-29,265
2011-03-30,257
2011-03-31,257
2011-04-01,302
2011-04-02,282
2011-04-03,302
2011-04-04,268
2011-04-05,281
2011-04-06,290
2011-04-07,319
2011-04-08,327
2011-04-09,276
2011-04-10,286
2011-04-11,286
2011-04-12,287
2011-04-13,294
2011-04-14,268
2011-04-15,276
2011-04-16,271
2011-04-17,281
2011-04-18,282
2011-04-19,257
2011-04-20,250
2011-04-21,224
2011-04-22,269
2011-04-23,266
2011-04-24,249
2011-04-25,251
2011-04-26,276
2011-04-27,265
2011-04-28,293
2011-04-29,286
2011-04-30,253
2011-05-01,271
2011-05-02,312
2011-05-03,250
2011-05-04,251
2011-05-05,251
2011-05-06,247
2011-05-07,256
2011-05-08,271
2011-05-09,279
2011-05-10,242
2011-05-11,257
2011-05-12,269
2011-05-13,279
2011-05-14,267
2011-05-15,258
2011-05-16,256
2011-05-17,275
2011-05-18,247
2011-05-19,276
2011-05-20,271
2011-05-21,278
2011-05-22,256
2011-05-23,216
2011-05-24,279
2011-05-25,272
2011-05-26,280
2011-05-27,242
2011-05-28,269
2011-05-29,251
2011-05-30,256
2011-05-31,226
2011-06-01,238
2011-06-02,229
2011-06-03,238
2011-06-04,268
2011-06-05,272
2011-06-06,227
2011-06-07,223
2011-06-08,228
2011-06-09,237
2011-06-10,227
2011-06-11,265
2011-06-12,233
2011-06-13,265
2011-06-14,253
2011-06-15,244
2011-06-16,240
2011-06-17,280
2011-06-18,246
2011-06-19,258
2011-06-20,261
2011-06-21,229
2011-06-22,242
2011-06-23,239
2011-06-24,249
2011-06-25,269
2011-06-26,323
2011-06-27,287
2011-06-28,261
2011-06-29,237
2011-06-30,254
2011-07-01,241
2011-07-02,245
2011-07-03,275
2011-07-04,235
2011-07-05,241
2011-07-06,196
2011-07-07,233
2011-07-08,229
2011-07-09,243
2011-07-10,250
2011-07-11,241
2011-07-12,236
2011-07-13,250
2011-07-14,221
2011-07-15,226
2011-07-16,262
2011-07-17,224
2011-07-18,248
2011-07-19,272
2011-07-20,233
2011-07-21,240
2011-07-22,256
2011-07-23,254
2011-07-24,253
2011-07-25,259
2011-07-26,265
2011-07-27,270
2011-07-28,253
2011-07-29,265
2011-07-30,259
2011-07-31,240
2011-08-01,268
2011-08-02,258
2011-08-03,261
2011-08-04,250
2011-08-05,249
2011-08-06,275
2011-08-07,251
2011-08-08,273
2011-08-09,246
2011-08-10,257
2011-08-11,284
2011-08-12,281
2011-08-13,257
2011-08-14,263
2011-08-15,271
2011-08-16,260
2011-08-17,213
2011-08-18,260
2011-08-19,293
2011-08-20,272
2011-08-21,283
2011-08-22,258
2011-08-23,234
2011-08-24,232
2011-08-25,259
2011-08-26,256
2011-08-27,206
2011-08-28,246
2011-08-29,254
2011-08-30,226
2011-08-31,263
2011-09-01,240
2011-09-02,226
2011-09-03,235
2011-09-04,253
2011-09-05,261
2011-09-06,256
2011-09-07,224
2011-09-08,270
2011-09-09,281
2011-09-10,277
2011-09-11,255
2011-09-12,276
2011-09-13,247
2011-09-14,289
2011-09-15,258
2011-09-16,248
2011-09-17,214
2011-09-18,234
2011-09-19,231
2011-09-20,255
2011-09-21,244
2011-09-22,243
2011-09-23,227
2011-09-24,222
2011-09-25,244
2011-09-26,259
2011-09-27,251
2011-09-28,259
2011-09-29,273
2011-09-30,212
2011-10-01,258
2011-10-02,270
2011-10-03,257
2011-10-04,326
2011-10-05,260
2011-10-06,282
2011-10-07,227
2011-10-08,241
2011-10-09,263
2011-10-10,236
2011-10-11,235
2011-10-12,278
2011-10-13,277
2011-10-14,286
2011-10-15,276
2011-10-16,243
2011-10-17,244
2011-10-18,234
2011-10-19,236
2011-10-20,274
2011-10-21,259
2011-10-22,228
2011-10-23,273
2011-10-24,253
2011-10-25,232
2011-10-26,229
2011-10-27,255
2011-10-28,270
2011-10-29,243
2011-10-30,283
2011-10-31,292
2011-11-01,276
2011-11-02,289
2011-11-03,293
2011-11-04,273
2011-11-05,286
2011-11-06,267
2011-11-07,289
2011-11-08,309
2011-11-09,297
2011-11-10,284
2011-11-11,313
2011-11-12,286
2011-11-13,309
2011-11-14,296
2011-11-15,310
2011-11-16,303
2011-11-17,296
2011-11-18,279
2011-11-19,286
2011-11-20,304
2011-11-21,291
2011-11-22,262
2011-11-23,302
2011-11-24,321
2011-11-25,316
2011-11-26,258
2011-11-27,306
2011-11-28,264
2011-11-29,299
2011-11-30,286
2011-12-01,290
2011-12-02,298
2011-12-03,311
2011-12-04,316
2011-12-05,322
2011-12-06,317
2011-12-07,318
2011-12-08,304
2011-12-09,306
2011-12-10,308
2011-12-11,311
2011-12-12,318
2011-12-13,345
2011-12-14,294
2011-12-15,301
2011-12-16,306
2011-12-17,328
2011-12-18,321
2011-12-19,286
2011-12-20,345
2011-12-21,343
2011-12-22,329
2011-12-23,319
2011-12-24,299
2011-12-25,361
2011-12-26,345
2011-12-27,329
2011-12-28,339
2011-12-29,351
2011-12-30,328
2011-12-31,327
2012-01-01,379
2012-01-02,357
2012-01-03,356
2012-01-04,362
2012-01-05,354
2012-01-06,358
2012-01-07,355
2012-01-08,346
2012-01-09,395
2012-01-10,378
2012-01-11,349
2012-01-12,348
2012-01-13,365
2012-01-14,338
2012-01-15,374
2012-01-16,374
2012-01-17,351
2012-01-18,298
2012-01-19,374
2012-01-20,375
2012-01-21,375
2012-01-22,346
2012-01-23,359
2012-01-24,349
2012-01-25,320
2012-01-26,320
2012-01-27,345
2012-01-28,303
2012-01-29,347
2012-01-30,367
2012-01-31,395
2012-02-01,388
2012-02-02,380
2012-02-03,339
2012-02-04,380
2012-02-05,402
2012-02-06,437
2012-02-07,431
2012-02-08,373
2012-02-09,383
2012-02-10,407
2012-02-11,368
2012-02-12,431
2012-02-13,400
2012-02-14,429
2012-02-15,430
2012-02-16,437
2012-02-17,459
2012-02-18,425
2012-02-19,476
2012-02-20,449
2012-02-21,455
2012-02-22,441
2012-02-23,478
2012-02-24,464
2012-02-25,415
2012-02-26,451
2012-02-27,464
2012-02-28,428
2012-02-29,415
2012-03-01,437
2012-03-02,407
2012-03-03,383
2012-03-04,418
2012-03-05,383
2012-03-06,390
2012-03-07,401
2012-03-08,419
2012-03-09,357
2012-03-10,376
2012-03-11,348
2012-03-12,405
2012-03-13,370
2012-03-14,354
2012-03-15,361
2012-03-16,350
2012-03-17,325
2012-03-18,316
2012-03-19,321
2012-03-20,331
2012-03-21,321
2012-03-22,321
2012-03-23,334
2012-03-24,310
2012-03-25,318
2012-03-26,320
2012-03-27,322
2012-03-28,298
2012-03-29,333
2012-03-30,322
2012-03-31,305
2012-04-01,321
2012-04-02,310
2012-04-03,303
2012-04-04,314
2012-04-05,286
2012-04-06,273
2012-04-07,244
2012-04-08,312
2012-04-09,291
2012-04-10,273
2012-04-11,309
2012-04-12,295
2012-04-13,280
2012-04-14,284
2012-04-15,268
2012-04-16,296
2012-04-17,279
2012-04-18,264
2012-04-19,288
2012-04-20,306
2012-04-21,269
2012-04-22,270
2012-04-23,276
2012-04-24,293
2012-04-25,278
2012-04-26,265
2012-04-27,267
2012-04-28,286
2012-04-29,271
2012-04-30,269
2012-05-01,269
2012-05-02,294
2012-05-03,277
2012-05-04,289
2012-05-05,278
2012-05-06,263
2012-05-07,277
2012-05-08,269
2012-05-09,290
2012-05-10,313
2012-05-11,307
2012-05-12,325
2012-05-13,329
2012-05-14,293
2012-05-15,299
2012-05-16,281
2012-05-17,278
2012-05-18,232
2012-05-19,230
2012-05-20,250
2012-05-21,244
2012-05-22,248
2012-05-23,242
2012-05-24,287
2012-05-25,284
2012-05-26,262
2012-05-27,281
2012-05-28,270
2012-05-29,269
2012-05-30,243
2012-05-31,265
2012-06-01,277
2012-06-02,245
2012-06-03,241
2012-06-04,229
2012-06-05,260
2012-06-06,251
2012-06-07,239
2012-06-08,253
2012-06-09,229
2012-06-10,248
2012-06-11,214
2012-06-12,241
2012-06-13,251
2012-06-14,259
2012-06-15,238
2012-06-16,246
2012-06-17,257
2012-06-18,233
2012-06-19,255
2012-06-20,247
2012-06-21,251
2012-06-22,257
2012-06-23,269
2012-06-24,259
2012-06-25,272
2012-06-26,267
2012-06-27,296
2012-06-28,269
2012-06-29,238
2012-06-30,245
2012-07-01,256
2012-07-02,284
2012-07-03,247
2012-07-04,275
2012-07-05,236
2012-07-06,228
2012-07-07,241
2012-07-08,227
2012-07-09,219
2012-07-10,244
2012-07-11,241
2012-07-12,233
2012-07-13,247
2012-07-14,253
2012-07-15,220
2012-07-16,264
2012-07-17,253
2012-07-18,312
2012-07-19,288
2012-07-20,248
2012-07-21,267
2012-07-22,255
2012-07-23,236
2012-07-24,260
2012-07-25,251
2012-07-26,256
2012-07-27,269
2012-07-28,240
2012-07-29,246
2012-07-30,261
2012-07-31,270
2012-08-01,255
2012-08-02,225
2012-08-03,235
2012-08-04,245
2012-08-05,231
2012-08-06,249
2012-08-07,232
2012-08-08,255
2012-08-09,285
2012-08-10,267
2012-08-11,237
2012-08-12,297
2012-08-13,248
2012-08-14,245
2012-08-15,254
2012-08-16,238
2012-08-17,265
2012-08-18,256
2012-08-19,245
2012-08-20,276
2012-08-21,287
2012-08-22,257
2012-08-23,265
2012-08-24,239
2012-08-25,221
2012-08-26,234
2012-08-27,245
2012-08-28,248
2012-08-29,239
2012-08-30,231
2012-08-31,207
2012-09-01,235
2012-09-02,243
2012-09-03,256
2012-09-04,253
2012-09-05,269
2012-09-06,284
2012-09-07,264
2012-09-08,260
2012-09-09,255
2012-09-10,254
2012-09-11,252
2012-09-12,245
2012-09-13,243
2012-09-14,263
2012-09-15,223
2012-09-16,252
2012-09-17,251
2012-09-18,273
2012-09-19,255
2012-09-20,254
2012-09-21,242
2012-09-22,249
2012-09-23,230
2012-09-24,225
2012-09-25,226
2012-09-26,225
2012-09-27,209
2012-09-28,238
2012-09-29,221
2012-09-30,262
2012-10-01,250
2012-10-02,253
2012-10-03,240
2012-10-04,265
2012-10-05,232
2012-10-06,227
2012-10-07,260
2012-10-08,259
2012-10-09,272
2012-10-10,240
2012-10-11,271
2012-10-12,222
2012-10-13,225
2012-10-14,255
2012-10-15,284
2012-10-16,276
2012-10-17,245
2012-10-18,277
2012-10-19,261
2012-10-20,257
2012-10-21,265
2012-10-22,297
2012-10-23,297
2012-10-24,283
2012-10-25,304
2012-10-26,288
2012-10-27,275
2012-10-28,260
2012-10-29,228
2012-10-30,263
2012-10-31,253
2012-11-01,244
2012-11-02,269
2012-11-03,271
2012-11-04,261
2012-11-05,269
2012-11-06,274
2012-11-07,248
2012-11-08,273
2012-11-09,282
2012-11-10,269
2012-11-11,323
2012-11-12,289
2012-11-13,277
2012-11-14,325
2012-11-15,299
2012-11-16,328
2012-11-17,279
2012-11-18,266
2012-11-19,298
2012-11-20,277
2012-11-21,268
2012-11-22,267
2012-11-23,278
2012-11-24,287
2012-11-25,287
2012-11-26,280
2012-11-27,283
2012-11-28,288
2012-11-29,304
2012-11-30,285
2012-12-01,312
2012-12-02,269
2012-12-03,271
2012-12-04,333
2012-12-05,327
2012-12-06,329
2012-12-07,340
2012-12-08,305
2012-12-09,323
2012-12-10,295
2012-12-11,327
2012-12-12,310
2012-12-13,337
2012-12-14,355
2012-12-15,324
2012-12-16,293
2012-12-17,317
2012-12-18,314
2012-12-19,312
2012-12-20,317
2012-12-21,289
2012-12-22,305
2012-12-23,297
2012-12-24,319
2012-12-25,304
2012-12-26,342
2012-12-27,312
2012-12-28,285
2012-12-29,307
2012-12-30,279
2012-12-31,320
2013-01-01,339
2013-01-02,343
2013-01-03,352
2013-01-04,321
2013-01-05,342
2013-01-06,316
2013-01-07,332
2013-01-08,322
2013-01-09,336
2013-01-10,344
2013-01-11,350
2013-01-12,306
2013-01-13,336
2013-01-14,339
2013-01-15,329
2013-01-16,313
2013-01-17,382
2013-01-18,351
2013-01-19,344
2013-01-20,360
2013-01-21,351
2013-01-22,322
2013-01-23,320
2013-01-24,340
2013-01-25,346
2013-01-26,339
2013-01-27,361
2013-01-28,339
2013-01-29,348
2013-01-30,304
2013-01-31,357
2013-02-01,339
2013-02-02,335
2013-02-03,320
2013-02-04,335
2013-02-05,352
2013-02-06,339
2013-02-07,357
2013-02-08,308
2013-02-09,350
2013-02-10,340
2013-02-11,356
2013-02-12,287
2013-02-13,377
2013-02-14,365
2013-02-15,346
2013-02-16,367
2013-02-17,339
2013-02-18,342
2013-02-19,338
2013-02-20,323
2013-02-21,341
2013-02-22,350
2013-02-23,308
2013-02-24,329
2013-02-25,376
2013-02-26,329
2013-02-27,334
2013-02-28,341
2013-03-01,314
2013-03-02,342
2013-03-03,347
2013-03-04,391
2013-03-05,364
2013-03-06,391
2013-03-07,338
2013-03-08,339
2013-03-09,318
2013-03-10,344
2013-03-11,306
2013-03-12,327
2013-03-13,301
2013-03-14,281
2013-03-15,290
2013-03-16,344
2013-03-17,341
2013-03-18,279
2013-03-19,335
2013-03-20,287
2013-03-21,315
2013-03-22,312
2013-03-23,368
2013-03-24,280
2013-03-25,309
2013-03-26,353
2013-03-27,311
2013-03-28,290
2013-03-29,307
2013-03-30,286
2013-03-31,289
2013-04-01,344
2013-04-02,292
2013-04-03,257
2013-04-04,272
2013-04-05,268
2013-04-06,303
2013-04-07,295
2013-04-08,290
2013-04-09,302
2013-04-10,301
2013-04-11,276
2013-04-12,279
2013-04-13,300
2013-04-14,273
2013-04-15,283
2013-04-16,274
2013-04-17,284
2013-04-18,267
2013-04-19,295
2013-04-20,277
2013-04-21,269
2013-04-22,311
2013-04-23,288
2013-04-24,298
2013-04-25,278
2013-04-26,285
2013-04-27,302
2013-04-28,232
2013-04-29,260
2013-04-30,265
2013-05-01,272
2013-05-02,268
2013-05-03,282
2013-05-04,271
2013-05-05,286
2013-05-06,302
2013-05-07,272
2013-05-08,275
2013-05-09,262
2013-05-10,267
2013-05-11,255
2013-05-12,254
2013-05-13,280
2013-05-14,290
2013-05-15,294
2013-05-16,261
2013-05-17,222
2013-05-18,256
2013-05-19,241
2013-05-20,266
2013-05-21,287
2013-05-22,268
2013-05-23,268
2013-05-24,269
2013-05-25,268
2013-05-26,254
2013-05-27,312
2013-05-28,265
2013-05-29,270
2013-05-30,258
2013-05-31,270
2013-06-01,276
2013-06-02,292
2013-06-03,299
2013-06-04,305
2013-06-05,300
2013-06-06,288
2013-06-07,304
2013-06-08,251
2013-06-09,224
2013-06-10,264
2013-06-11,280
2013-06-12,263
2013-06-13,279
2013-06-14,276
2013-06-15,249
2013-06-16,265
2013-06-17,262
2013-06-18,269
2013-06-19,256
2013-06-20,245
2013-06-21,253
2013-06-22,256
2013-06-23,267
2013-06-24,252
2013-06-25,271
2013-06-26,283
2013-06-27,270
2013-06-28,313
2013-06-29,306
2013-06-30,313
2013-07-01,328
2013-07-02,317
2013-07-03,285
2013-07-04,316
2013-07-05,321
2013-07-06,367
2013-07-07,419
2013-07-08,498
2013-07-09,430
2013-07-10,403
2013-07-11,378
2013-07-12,300
2013-07-13,305
2013-07-14,280
2013-07-15,274
2013-07-16,258
2013-07-17,252
2013-07-18,297
2013-07-19,244
2013-07-20,258
2013-07-21,282
2013-07-22,235
2013-07-23,251
2013-07-24,249
2013-07-25,224
2013-07-26,253
2013-07-27,218
2013-07-28,220
2013-07-29,239
2013-07-30,245
2013-07-31,260
2013-08-01,255
2013-08-02,246
2013-08-03,242
2013-08-04,237
2013-08-05,262
2013-08-06,240
2013-08-07,237
2013-08-08,232
2013-08-09,237
2013-08-10,284
2013-08-11,294
2013-08-12,292
2013-08-13,267
2013-08-14,274
2013-08-15,247
2013-08-16,241
2013-08-17,296
2013-08-18,246
2013-08-19,259
2013-08-20,267
2013-08-21,260
2013-08-22,276
2013-08-23,270
2013-08-24,259
2013-08-25,282
2013-08-26,233
2013-08-27,267
2013-08-28,237
2013-08-29,262
2013-08-30,268
2013-08-31,252
2013-09-01,265
2013-09-02,279
2013-09-03,270
2013-09-04,237
2013-09-05,268
2013-09-06,235
2013-09-07,224
2013-09-08,237
2013-09-09,240
2013-09-10,239
2013-09-11,275
2013-09-12,252
2013-09-13,239
2013-09-14,272
2013-09-15,248
2013-09-16,244
2013-09-17,272
2013-09-18,241
2013-09-19,241
2013-09-20,230
2013-09-21,251
2013-09-22,295
2013-09-23,252
2013-09-24,284
2013-09-25,241
2013-09-26,246
2013-09-27,243
2013-09-28,246
2013-09-29,205
2013-09-30,249
2013-10-01,268
2013-10-02,238
2013-10-03,227
2013-10-04,251
2013-10-05,255
2013-10-06,265
2013-10-07,263
2013-10-08,283
2013-10-09,261
2013-10-10,279
2013-10-11,244
2013-10-12,264
2013-10-13,243
2013-10-14,247
2013-10-15,264
2013-10-16,250
2013-10-17,262
2013-10-18,276
2013-10-19,242
2013-10-20,238
2013-10-21,270
2013-10-22,273
2013-10-23,241
2013-10-24,266
2013-10-25,251
2013-10-26,256
2013-10-27,289
2013-10-28,247
2013-10-29,233
2013-10-30,248
2013-10-31,261
2013-11-01,259
2013-11-02,237
2013-11-03,299
2013-11-04,251
2013-11-05,251
2013-11-06,286
2013-11-07,259
2013-11-08,248
2013-11-09,261
2013-11-10,257
2013-11-11,263
2013-11-12,263
2013-11-13,280
2013-11-14,279
2013-11-15,263
2013-11-16,286
2013-11-17,279
2013-11-18,301
2013-11-19,285
2013-11-20,274
2013-11-21,324
2013-11-22,298
2013-11-23,312
2013-11-24,280
2013-11-25,300
2013-11-26,291
2013-11-27,316
2013-11-28,365
2013-11-29,309
2013-11-30,314
2013-12-01,321
2013-12-02,328
2013-12-03,331
2013-12-04,342
2013-12-05,355
2013-12-06,340
2013-12-07,324
2013-12-08,341
2013-12-09,351
2013-12-10,335
2013-12-11,361
2013-12-12,316
2013-12-13,364
2013-12-14,311
2013-12-15,334
2013-12-16,350
2013-12-17,355
2013-12-18,340
2013-12-19,366
2013-12-20,312
2013-12-21,318
2013-12-22,307
2013-12-23,335
2013-12-24,334
2013-12-25,341
2013-12-26,385
2013-12-27,346
2013-12-28,356
2013-12-29,343
2013-12-30,358
2013-12-31,360
2014-01-01,375
2014-01-02,394
2014-01-03,399
2014-01-04,327
2014-01-05,359
2014-01-06,360
2014-01-07,366
2014-01-08,336
2014-01-09,337
2014-01-10,326
2014-01-11,357
2014-01-12,332
2014-01-13,353
2014-01-14,379
2014-01-15,338
2014-01-16,286
2014-01-17,328
2014-01-18,328
2014-01-19,333
2014-01-20,345
2014-01-21,329
2014-01-22,355
2014-01-23,307
2014-01-24,338
2014-01-25,347
2014-01-26,321
2014-01-27,372
2014-01-28,339
2014-01-29,329
2014-01-30,335
2014-01-31,364
2014-02-01,332
2014-02-02,346
2014-02-03,336
2014-02-04,334
2014-02-05,335
2014-02-06,366
2014-02-07,336
2014-02-08,326
2014-02-09,316
2014-02-10,381
2014-02-11,348
2014-02-12,333
2014-02-13,369
2014-02-14,376
2014-02-15,346
2014-02-16,308
2014-02-17,336
2014-02-18,315
2014-02-19,330
2014-02-20,340
2014-02-21,331
2014-02-22,335
2014-02-23,314
2014-02-24,353
2014-02-25,343
2014-02-26,332
2014-02-27,374
2014-02-28,309
2014-03-01,333
2014-03-02,334
2014-03-03,318
2014-03-04,282
2014-03-05,294
2014-03-06,331
2014-03-07,315
2014-03-08,334
2014-03-09,310
2014-03-10,299
2014-03-11,318
2014-03-12,316
2014-03-13,327
2014-03-14,317
2014-03-15,291
2014-03-16,296
2014-03-17,304
2014-03-18,302
2014-03-19,288
2014-03-20,337
2014-03-21,281
2014-03-22,287
2014-03-23,257
2014-03-24,287
2014-03-25,312
2014-03-26,261
2014-03-27,286
2014-03-28,288
2014-03-29,288
2014-03-30,291
2014-03-31,290
2014-04-01,330
2014-04-02,340
2014-04-03,331
2014-04-04,259
2014-04-05,294
2014-04-06,315
2014-04-07,303
2014-04-08,319
2014-04-09,294
2014-04-10,293
2014-04-11,291
2014-04-12,287
2014-04-13,275
2014-04-14,306
2014-04-15,303
2014-04-16,317
2014-04-17,315
2014-04-18,267
2014-04-19,289
2014-04-20,250
2014-04-21,280
2014-04-22,273
2014-04-23,268
2014-04-24,287
2014-04-25,233
2014-04-26,270
2014-04-27,311
2014-04-28,289
2014-04-29,275
2014-04-30,286
2014-05-01,289
2014-05-02,257
2014-05-03,287
2014-05-04,298
2014-05-05,275
2014-05-06,272
2014-05-07,259
2014-05-08,274
2014-05-09,244
2014-05-10,259
2014-05-11,249
2014-05-12,251
2014-05-13,252
2014-05-14,235
2014-05-15,246
2014-05-16,296
2014-05-17,263
2014-05-18,236
2014-05-19,265
2014-05-20,265
2014-05-21,230
2014-05-22,243
2014-05-23,245
2014-05-24,238
2014-05-25,220
2014-05-26,243
2014-05-27,264
2014-05-28,277
2014-05-29,261
2014-05-30,283
2014-05-31,275
2014-06-01,253
2014-06-02,247
2014-06-03,282
2014-06-04,234
2014-06-05,280
2014-06-06,263
2014-06-07,264
2014-06-08,263
2014-06-09,250
2014-06-10,258
2014-06-11,243
2014-06-12,240
2014-06-13,291
2014-06-14,260
2014-06-15,304
2014-06-16,309
2014-06-17,263
2014-06-18,270
2014-06-19,272
2014-06-20,252
2014-06-21,267
2014-06-22,254
2014-06-23,237
2014-06-24,238
2014-06-25,239
2014-06-26,236
2014-06-27,248
2014-06-28,241
2014-06-29,238
2014-06-30,252
2014-07-01,255
2014-07-02,260
2014-07-03,259
2014-07-04,270
2014-07-05,245
2014-07-06,251
2014-07-07,248
2014-07-08,233
2014-07-09,259
2014-07-10,288
2014-07-11,237
2014-07-12,257
2014-07-13,258
2014-07-14,259
2014-07-15,272
2014-07-16,271
2014-07-17,275
2014-07-18,254
2014-07-19,237
2014-07-20,193
2014-07-21,234
2014-07-22,240
2014-07-23,266
2014-07-24,250
2014-07-25,230
2014-07-26,259
2014-07-27,273
2014-07-28,257
2014-07-29,236
2014-07-30,245
2014-07-31,272
2014-08-01,246
2014-08-02,257
2014-08-03,249
2014-08-04,271
2014-08-05,253
2014-08-06,248
2014-08-07,289
2014-08-08,255
2014-08-09,255
2014-08-10,275
2014-08-11,245
2014-08-12,241
2014-08-13,264
2014-08-14,251
2014-08-15,227
2014-08-16,289
2014-08-17,248
2014-08-18,265
2014-08-19,250
2014-08-20,277
2014-08-21,276
2014-08-22,277
2014-08-23,247
2014-08-24,259
2014-08-25,227
2014-08-26,257
2014-08-27,262
2014-08-28,248
2014-08-29,260
2014-08-30,262
2014-08-31,260
2014-09-01,280
2014-09-02,275
2014-09-03,273
2014-09-04,227
2014-09-05,264
2014-09-06,269
2014-09-07,297
2014-09-08,238
2014-09-09,260
2014-09-10,254
2014-09-11,264
2014-09-12,256
2014-09-13,242
2014-09-14,234
2014-09-15,262
2014-09-16,259
2014-09-17,245
2014-09-18,253
2014-09-19,245
2014-09-20,250
2014-09-21,211
2014-09-22,268
2014-09-23,284
2014-09-24,249
2014-09-25,259
2014-09-26,236
2014-09-27,275
2014-09-28,251
2014-09-29,250
2014-09-30,266
2014-10-01,273
2014-10-02,284
2014-10-03,255
2014-10-04,273
2014-10-05,255
2014-10-06,270
2014-10-07,283
2014-10-08,239
2014-10-09,268
2014-10-10,272
2014-10-11,234
2014-10-12,248
2014-10-13,262
2014-10-14,267
2014-10-15,273
2014-10-16,284
2014-10-17,299
2014-10-18,270
2014-10-19,266
2014-10-20,305
2014-10-21,288
2014-10-22,263
2014-10-23,263
2014-10-24,282
2014-10-25,294
2014-10-26,323
2014-10-27,276
2014-10-28,293
2014-10-29,280
2014-10-30,271
2014-10-31,266
2014-11-01,270
2014-11-02,262
2014-11-03,280
2014-11-04,262
2014-11-05,256
2014-11-06,266
2014-11-07,283
2014-11-08,273
2014-11-09,283
2014-11-10,274
2014-11-11,320
2014-11-12,280
2014-11-13,290
2014-11-14,305
2014-11-15,274
2014-11-16,241
2014-11-17,295
2014-11-18,312
2014-11-19,276
2014-11-20,279
2014-11-21,270
2014-11-22,327
2014-11-23,290
2014-11-24,281
2014-11-25,283
2014-11-26,304
2014-11-27,282
2014-11-28,327
2014-11-29,312
2014-11-30,286
2014-12-01,332
2014-12-02,334
2014-12-03,293
2014-12-04,306
2014-12-05,307
2014-12-06,307
2014-12-07,325
2014-12-08,332
2014-12-09,372
2014-12-10,329
2014-12-11,341
2014-12-12,329
2014-12-13,331
2014-12-14,334
2014-12-15,313
2014-12-16,352
2014-12-17,316
2014-12-18,311
2014-12-19,355
2014-12-20,322
2014-12-21,329
2014-12-22,362
2014-12-23,361
2014-12-24,384
2014-12-25,375
2014-12-26,393
2014-12-27,331
2014-12-28,358
2014-12-29,374
2014-12-30,358
2014-12-31,382
2015-01-01,407
2015-01-02,413
2015-01-03,416
2015-01-04,466
2015-01-05,452
2015-01-06,446
2015-01-07,419
2015-01-08,412
2015-01-09,449
2015-01-10,441
2015-01-11,435
2015-01-12,455
2015-01-13,498
2015-01-14,461
2015-01-15,461
2015-01-16,447
2015-01-17,414
2015-01-18,441
2015-01-19,424
2015-01-20,486
2015-01-21,435
2015-01-22,442
2015-01-23,412
2015-01-24,445
2015-01-25,443
2015-01-26,412
2015-01-27,439
2015-01-28,408
2015-01-29,449
2015-01-30,411
2015-01-31,407
2015-02-01,385
2015-02-02,423
2015-02-03,398
2015-02-04,407
2015-02-05,408
2015-02-06,425
2015-02-07,405
2015-02-08,417
2015-02-09,450
2015-02-10,431
2015-02-11,441
2015-02-12,423
2015-02-13,418
2015-02-14,405
2015-02-15,416
2015-02-16,374
2015-02-17,359
2015-02-18,410
2015-02-19,402
2015-02-20,381
2015-02-21,383
2015-02-22,378
2015-02-23,405
2015-02-24,375
2015-02-25,414
2015-02-26,356
2015-02-27,411
2015-02-28,382
2015-03-01,369
2015-03-02,392
2015-03-03,347
2015-03-04,380
2015-03-05,356
2015-03-06,310
2015-03-07,351
2015-03-08,314
2015-03-09,338
2015-03-10,340
2015-03-11,318
2015-03-12,332
2015-03-13,331
2015-03-14,352
2015-03-15,307
2015-03-16,303
2015-03-17,311
2015-03-18,317
2015-03-19,349
2015-03-20,311
2015-03-21,357
2015-03-22,342
2015-03-23,321
2015-03-24,301
2015-03-25,278
2015-03-26,294
2015-03-27,299
2015-03-28,319
2015-03-29,280
2015-03-30,331
2015-03-31,318
2015-04-01,317
2015-04-02,339
2015-04-03,328
2015-04-04,276
2015-04-05,279
2015-04-06,318
2015-04-07,288
2015-04-08,296
2015-04-09,253
2015-04-10,236
2015-04-11,278
2015-04-12,275
2015-04-13,305
2015-04-14,265
2015-04-15,283
2015-04-16,272
2015-04-17,296
2015-04-18,277
2015-04-19,245
2015-04-20,224
2015-04-21,248
2015-04-22,285
2015-04-23,283
2015-04-24,278
2015-04-25,270
2015-04-26,229
2015-04-27,264
2015-04-28,241
2015-04-29,238
2015-04-30,269
2015-05-01,273
2015-05-02,294
2015-05-03,253
2015-05-04,273
2015-05-05,271
2015-05-06,285
2015-05-07,286
2015-05-08,288
2015-05-09,287
2015-05-10,265
2015-05-11,266
2015-05-12,279
2015-05-13,286
2015-05-14,273
2015-05-15,259
2015-05-16,265
2015-05-17,292
2015-05-18,290
2015-05-19,242
2015-05-20,237
2015-05-21,245
2015-05-22,279
2015-05-23,262
2015-05-24,249
2015-05-25,241
2015-05-26,282
2015-05-27,299
2015-05-28,293
2015-05-29,303
2015-05-30,262
2015-05-31,276
2015-06-01,245
2015-06-02,275
2015-06-03,243
2015-06-04,267
2015-06-05,273
2015-06-06,280
2015-06-07,275
2015-06-08,267
2015-06-09,282
2015-06-10,261
2015-06-11,250
2015-06-12,267
2015-06-13,229
2015-06-14,244
2015-06-15,238
2015-06-16,223
2015-06-17,245
2015-06-18,264
2015-06-19,297
2015-06-20,306
2015-06-21,289
2015-06-22,286
2015-06-23,254
2015-06-24,241
2015-06-25,217
2015-06-26,226
2015-06-27,246
2015-06-28,272
2015-06-29,287
2015-06-30,266
2015-07-01,249
2015-07-02,224
2015-07-03,236
2015-07-04,203
2015-07-05,239
2015-07-06,258
2015-07-07,258
2015-07-08,274
2015-07-09,261
2015-07-10,266
2015-07-11,239
2015-07-12,252
2015-07-13,250
2015-07-14,268
2015-07-15,268
2015-07-16,225
2015-07-17,270
2015-07-18,268
2015-07-19,253
2015-07-20,251
2015-07-21,263
2015-07-22,265
2015-07-23,248
2015-07-24,275
2015-07-25,234
2015-07-26,221
2015-07-27,274
2015-07-28,253
2015-07-29,270
2015-07-30,264
2015-07-31,262
2015-08-01,213
2015-08-02,258
2015-08-03,268
2015-08-04,266
2015-08-05,247
2015-08-06,257
2015-08-07,254
2015-08-08,270
2015-08-09,255
2015-08-10,252
2015-08-11,264
2015-08-12,255
2015-08-13,244
2015-08-14,243
2015-08-15,238
2015-08-16,254
2015-08-17,232
2015-08-18,283
2015-08-19,229
2015-08-20,264
2015-08-21,256
2015-08-22,270
2015-08-23,256
2015-08-24,237
2015-08-25,212
2015-08-26,230
2015-08-27,247
2015-08-28,254
2015-08-29,264
2015-08-30,282
2015-08-31,259
2015-09-01,254
2015-09-02,271
2015-09-03,279
2015-09-04,248
2015-09-05,256
2015-09-06,251
2015-09-07,257
2015-09-08,268
2015-09-09,295
2015-09-10,257
2015-09-11,239
2015-09-12,244
2015-09-13,272
2015-09-14,238
2015-09-15,254
2015-09-16,239
2015-09-17,236
2015-09-18,257
2015-09-19,242
2015-09-20,242
2015-09-21,264
2015-09-22,259
2015-09-23,290
2015-09-24,285
2015-09-25,249
2015-09-26,236
2015-09-27,281
2015-09-28,301
2015-09-29,269
2015-09-30,267
2015-10-01,277
2015-10-02,286
2015-10-03,244
2015-10-04,279
2015-10-05,276
2015-10-06,262
2015-10-07,251
2015-10-08,259
2015-10-09,247
2015-10-10,260
2015-10-11,247
2015-10-12,262
2015-10-13,256
2015-10-14,223
2015-10-15,282
2015-10-16,270
2015-10-17,254
2015-10-18,268
2015-10-19,250
2015-10-20,264
2015-10-21,270
2015-10-22,249
2015-10-23,276
2015-10-24,271
2015-10-25,303
2015-10-26,283
2015-10-27,261
2015-10-28,256
2015-10-29,285
2015-10-30,274
2015-10-31,267
2015-11-01,265
2015-11-02,292
2015-11-03,266
2015-11-04,271
2015-11-05,277
2015-11-06,293
2015-11-07,292
2015-11-08,278
2015-11-09,263
2015-11-10,288
2015-11-11,277
2015-11-12,258
2015-11-13,240
2015-11-14,276
2015-11-15,259
2015-11-16,260
2015-11-17,280
2015-11-18,283
2015-11-19,279
2015-11-20,303
2015-11-21,262
2015-11-22,252
2015-11-23,280
2015-11-24,274
2015-11-25,295
2015-11-26,320
2015-11-27,313
2015-11-28,275
2015-11-29,292
2015-11-30,332
2015-12-01,301
2015-12-02,314
2015-12-03,296
2015-12-04,290
2015-12-05,277
2015-12-06,287
2015-12-07,297
2015-12-08,291
2015-12-09,292
2015-12-10,291
2015-12-11,260
2015-12-12,294
2015-12-13,287
2015-12-14,295
2015-12-15,319
2015-12-16,300
2015-12-17,281
2015-12-18,324
2015-12-19,317
2015-12-20,304
2015-12-21,296
2015-12-22,295
2015-12-23,274
2015-12-24,269
2015-12-25,334
2015-12-26,315
2015-12-27,326
2015-12-28,355
2015-12-29,306
2015-12-30,327
2015-12-31,323
2016-01-01,366
2016-01-02,314
2016-01-03,339
2016-01-04,348
2016-01-05,329
2016-01-06,316
2016-01-07,305
2016-01-08,362
2016-01-09,346
2016-01-10,320
2016-01-11,343
2016-01-12,378
2016-01-13,301
2016-01-14,367
2016-01-15,347
2016-01-16,301
2016-01-17,302
2016-01-18,347
2016-01-19,343
2016-01-20,352
2016-01-21,383
2016-01-22,349
2016-01-23,356
2016-01-24,331
2016-01-25,355
2016-01-26,329
2016-01-27,337
2016-01-28,322
2016-01-29,295
2016-01-30,322
2016-01-31,376
2016-02-01,351
2016-02-02,328
2016-02-03,324
2016-02-04,315
2016-02-05,306
2016-02-06,320
2016-02-07,333
2016-02-08,338
2016-02-09,351
2016-02-10,336
2016-02-11,360
2016-02-12,335
2016-02-13,335
2016-02-14,302
2016-02-15,308
2016-02-16,314
2016-02-17,331
2016-02-18,337
2016-02-19,347
2016-02-20,370
2016-02-21,352
2016-02-22,381
2016-02-23,318
2016-02-24,344
2016-02-25,304
2016-02-26,322
2016-02-27,330
2016-02-28,300
2016-02-29,323
2016-03-01,345
2016-03-02,345
2016-03-03,375
2016-03-04,336
2016-03-05,360
2016-03-06,320
2016-03-07,310
2016-03-08,368
2016-03-09,369
2016-03-10,336
2016-03-11,336
2016-03-12,339
2016-03-13,331
2016-03-14,341
2016-03-15,337
2016-03-16,288
2016-03-17,299
2016-03-18,335
2016-03-19,360
2016-03-20,335
2016-03-21,321
2016-03-22,337
2016-03-23,331
2016-03-24,325
2016-03-25,333
2016-03-26,318
2016-03-27,311
2016-03-28,321
2016-03-29,312
2016-03-30,306
2016-03-31,314
2016-04-01,331
2016-04-02,322
2016-04-03,308
2016-04-04,316
2016-04-05,343
2016-04-06,308
2016-04-07,325
2016-04-08,304
2016-04-09,334
2016-04-10,306
2016-04-11,341
2016-04-12,311
2016-04-13,283
2016-04-14,340
2016-04-15,295
2016-04-16,313
2016-04-17,293
2016-04-18,288
2016-04-19,291
2016-04-20,324
2016-04-21,256
2016-04-22,275
2016-04-23,298
2016-04-24,262
2016-04-25,277
2016-04-26,318
2016-04-27,292
2016-04-28,315
2016-04-29,268
2016-04-30,300
2016-05-01,261
2016-05-02,276
2016-05-03,278
2016-05-04,320
2016-05-05,284
2016-05-06,270
2016-05-07,248
2016-05-08,279
2016-05-09,285
2016-05-10,278
2016-05-11,250
2016-05-12,267
2016-05-13,279
2016-05-14,252
2016-05-15,262
2016-05-16,318
2016-05-17,327
2016-05-18,261
2016-05-19,287
2016-05-20,309
2016-05-21,293
2016-05-22,255
2016-05-23,295
2016-05-24,276
2016-05-25,284
2016-05-26,271
2016-05-27,279
2016-05-28,308
2016-05-29,262
2016-05-30,281
2016-05-31,264
2016-06-01,297
2016-06-02,275
2016-06-03,302
2016-06-04,304
2016-06-05,271
2016-06-06,275
2016-06-07,280
2016-06-08,272
2016-06-09,270
2016-06-10,294
2016-06-11,263
2016-06-12,255
2016-06-13,263
2016-06-14,259
2016-06-15,264
2016-06-16,237
2016-06-17,262
2016-06-18,273
2016-06-19,245
2016-06-20,268
2016-06-21,312
2016-06-22,280
2016-06-23,259
2016-06-24,293
2016-06-25,280
2016-06-26,235
2016-06-27,295
2016-06-28,265
2016-06-29,276
2016-06-30,263
2016-07-01,273
2016-07-02,248
2016-07-03,279
2016-07-04,315
2016-07-05,279
2016-07-06,288
2016-07-07,268
2016-07-08,268
2016-07-09,248
2016-07-10,254
2016-07-11,287
2016-07-12,228
2016-07-13,285
2016-07-14,262
2016-07-15,263
2016-07-16,301
2016-07-17,313
2016-07-18,286
2016-07-19,311
2016-07-20,294
2016-07-21,303
2016-07-22,251
2016-07-23,248
2016-07-24,271
2016-07-25,292
2016-07-26,322
2016-07-27,300
2016-07-28,323
2016-07-29,299
2016-07-30,262
2016-07-31,265
2016-08-01,289
2016-08-02,262
2016-08-03,258
2016-08-04,270
2016-08-05,256
2016-08-06,271
2016-08-07,265
2016-08-08,315
2016-08-09,328
2016-08-10,300
2016-08-11,311
2016-08-12,279
2016-08-13,287
2016-08-14,280
2016-08-15,290
2016-08-16,310
2016-08-17,286
2016-08-18,243
2016-08-19,247
2016-08-20,256
2016-08-21,262
2016-08-22,281
2016-08-23,288
2016-08-24,263
2016-08-25,269
2016-08-26,285
2016-08-27,269
2016-08-28,263
2016-08-29,305
2016-08-30,258
2016-08-31,246
2016-09-01,253
2016-09-02,288
2016-09-03,257
2016-09-04,281
2016-09-05,302
2016-09-06,276
2016-09-07,260
2016-09-08,308
2016-09-09,238
2016-09-10,243
2016-09-11,247
2016-09-12,261
2016-09-13,234
2016-09-14,218
2016-09-15,252
2016-09-16,256
2016-09-17,219
2016-09-18,275
2016-09-19,255
2016-09-20,278
2016-09-21,270
2016-09-22,248
2016-09-23,270
2016-09-24,270
2016-09-25,254
2016-09-26,242
2016-09-27,276
2016-09-28,276
2016-09-29,268
2016-09-30,283
2016-10-01,260
2016-10-02,255
2016-10-03,273
2016-10-04,277
2016-10-05,245
2016-10-06,279
2016-10-07,256
2016-10-08,280
2016-10-09,263
2016-10-10,279
2016-10-11,273
2016-10-12,270
2016-10-13,263
2016-10-14,262
2016-10-15,274
2016-10-16,266
2016-10-17,292
2016-10-18,258
2016-10-19,313
2016-10-20,314
2016-10-21,288
2016-10-22,290
2016-10-23,284
2016-10-24,263
2016-10-25,276
2016-10-26,285
2016-10-27,299
2016-10-28,264
2016-10-29,303
2016-10-30,283
2016-10-31,289
2016-11-01,267
2016-11-02,269
2016-11-03,302
2016-11-04,289
2016-11-05,268
2016-11-06,262
2016-11-07,253
2016-11-08,269
2016-11-09,303
2016-11-10,295
2016-11-11,296
2016-11-12,329
2016-11-13,297
2016-11-14,302
2016-11-15,277
2016-11-16,279
2016-11-17,288
2016-11-18,316
2016-11-19,339
2016-11-20,331
2016-11-21,308
2016-11-22,290
2016-11-23,279
2016-11-24,342
2016-11-25,345
2016-11-26,336
2016-11-27,308
2016-11-28,339
2016-11-29,316
2016-11-30,353
2016-12-01,326
2016-12-02,370
2016-12-03,335
2016-12-04,357
2016-12-05,340
2016-12-06,341
2016-12-07,299
2016-12-08,343
2016-12-09,364
2016-12-10,339
2016-12-11,349
2016-12-12,368
2016-12-13,355
2016-12-14,363
2016-12-15,322
2016-12-16,383
2016-12-17,370
2016-12-18,367
2016-12-19,396
2016-12-20,366
2016-12-21,377
2016-12-22,420
2016-12-23,392
2016-12-24,449
2016-12-25,420
2016-12-26,434
2016-12-27,467
2016-12-28,439
2016-12-29,454
2016-12-30,464
2016-12-31,470
2017-01-01,475
2017-01-02,578
2017-01-03,479
2017-01-04,501
2017-01-05,493
2017-01-06,461
2017-01-07,421
2017-01-08,444
2017-01-09,441
2017-01-10,470
2017-01-11,423
2017-01-12,445
2017-01-13,442
2017-01-14,384
2017-01-15,368
2017-01-16,394
2017-01-17,413
2017-01-18,392
2017-01-19,424
2017-01-20,422
2017-01-21,430
2017-01-22,414
2017-01-23,464
2017-01-24,485
2017-01-25,382
2017-01-26,441
2017-01-27,444
2017-01-28,397
2017-01-29,389
2017-01-30,407
2017-01-31,408
2017-02-01,411
2017-02-02,385
2017-02-03,377
2017-02-04,386
2017-02-05,368
2017-02-06,345
2017-02-07,351
2017-02-08,322
2017-02-09,328
2017-02-10,367
2017-02-11,382
2017-02-12,370
2017-02-13,368
2017-02-14,304
2017-02-15,337
2017-02-16,325
2017-02-17,330
2017-02-18,359
2017-02-19,353
2017-02-20,346
2017-02-21,329
2017-02-22,288
2017-02-23,335
2017-02-24,344
2017-02-25,312
2017-02-26,292
2017-02-27,304
2017-02-28,329
2017-03-01,301
2017-03-02,290
2017-03-03,311
2017-03-04,296
2017-03-05,308
2017-03-06,312
2017-03-07,294
2017-03-08,316
2017-03-09,321
2017-03-10,324
2017-03-11,287
2017-03-12,296
2017-03-13,273
2017-03-14,304
2017-03-15,307
2017-03-16,343
2017-03-17,323
2017-03-18,311
2017-03-19,297
2017-03-20,310
2017-03-21,315
2017-03-22,292
2017-03-23,289
2017-03-24,288
2017-03-25,283
2017-03-26,305
2017-03-27,297
2017-03-28,318
2017-03-29,285
2017-03-30,276
2017-03-31,303
2017-04-01,274
2017-04-02,264
2017-04-03,301
2017-04-04,334
2017-04-05,286
2017-04-06,300
2017-04-07,294
2017-04-08,276
2017-04-09,290
2017-04-10,317
2017-04-11,307
2017-04-12,315
2017-04-13,262
2017-04-14,295
2017-04-15,276
2017-04-16,273
2017-04-17,308
2017-04-18,251
2017-04-19,254
2017-04-20,265
2017-04-21,244
2017-04-22,251
2017-04-23,262
2017-04-24,290
2017-04-25,297
2017-04-26,240
2017-04-27,259
2017-04-28,302
2017-04-29,258
2017-04-30,260
2017-05-01,320
2017-05-02,251
2017-05-03,301
2017-05-04,294
2017-05-05,301
2017-05-06,271
2017-05-07,289
2017-05-08,258
2017-05-09,285
2017-05-10,263
2017-05-11,264
2017-05-12,255
2017-05-13,266
2017-05-14,263
2017-05-15,264
2017-05-16,278
2017-05-17,261
2017-05-18,264
2017-05-19,247
2017-05-20,283
2017-05-21,254
2017-05-22,286
2017-05-23,284
2017-05-24,278
2017-05-25,270
2017-05-26,279
2017-05-27,287
2017-05-28,245
2017-05-29,304
2017-05-30,260
2017-05-31,265
2017-06-01,266
2017-06-02,240
2017-06-03,257
2017-06-04,232
2017-06-05,267
2017-06-06,256
2017-06-07,244
2017-06-08,273
2017-06-09,259
2017-06-10,253
2017-06-11,278
2017-06-12,275
2017-06-13,279
2017-06-14,275
2017-06-15,249
2017-06-16,250
2017-06-17,274
2017-06-18,379
2017-06-19,366
2017-06-20,335
2017-06-21,322
2017-06-22,319
2017-06-23,287
2017-06-24,247
2017-06-25,269
2017-06-26,280
2017-06-27,261
2017-06-28,258
2017-06-29,257
2017-06-30,244
2017-07-01,242
2017-07-02,244
2017-07-03,288
2017-07-04,288
2017-07-05,264
2017-07-06,252
2017-07-07,260
2017-07-08,228
2017-07-09,233
2017-07-10,250
2017-07-11,233
2017-07-12,247
2017-07-13,299
2017-07-14,257
2017-07-15,269
2017-07-16,260
2017-07-17,277
2017-07-18,253
2017-07-19,275
2017-07-20,259
2017-07-21,233
2017-07-22,241
2017-07-23,256
2017-07-24,264
2017-07-25,248
2017-07-26,270
2017-07-27,253
2017-07-28,245
2017-07-29,264
2017-07-30,268
2017-07-31,258
2017-08-01,216
2017-08-02,260
2017-08-03,264
2017-08-04,277
2017-08-05,251
2017-08-06,242
2017-08-07,261
2017-08-08,241
2017-08-09,228
2017-08-10,241
2017-08-11,244
2017-08-12,244
2017-08-13,288
2017-08-14,279
2017-08-15,246
2017-08-16,258
2017-08-17,239
2017-08-18,273
2017-08-19,246
2017-08-20,258
2017-08-21,299
2017-08-22,315
2017-08-23,272
2017-08-24,287
2017-08-25,287
2017-08-26,270
2017-08-27,244
2017-08-28,246
2017-08-29,248
2017-08-30,250
2017-08-31,245
2017-09-01,241
2017-09-02,239
2017-09-03,244
2017-09-04,301
2017-09-05,251
2017-09-06,210
2017-09-07,265
2017-09-08,265
2017-09-09,255
2017-09-10,244
2017-09-11,266
2017-09-12,269
2017-09-13,261
2017-09-14,271
2017-09-15,250
2017-09-16,255
2017-09-17,238
2017-09-18,246
2017-09-19,256
2017-09-20,246
2017-09-21,265
2017-09-22,255
2017-09-23,277
2017-09-24,255
2017-09-25,275
2017-09-26,263
2017-09-27,259
2017-09-28,280
2017-09-29,301
2017-09-30,282
2017-10-01,296
2017-10-02,300
2017-10-03,331
2017-10-04,286
2017-10-05,289
2017-10-06,265
2017-10-07,262
2017-10-08,262
2017-10-09,278
2017-10-10,288
2017-10-11,279
2017-10-12,306
2017-10-13,233
2017-10-14,248
2017-10-15,246
2017-10-16,347
2017-10-17,286
2017-10-18,300
2017-10-19,260
2017-10-20,300
2017-10-21,260
2017-10-22,273
2017-10-23,297
2017-10-24,257
2017-10-25,273
2017-10-26,249
2017-10-27,300
2017-10-28,270
2017-10-29,290
2017-10-30,276
2017-10-31,271
2017-11-01,269
2017-11-02,291
2017-11-03,284
2017-11-04,269
2017-11-05,267
2017-11-06,269
2017-11-07,250
2017-11-08,252
2017-11-09,266
2017-11-10,296
2017-11-11,279
2017-11-12,306
2017-11-13,316
2017-11-14,284
2017-11-15,335
2017-11-16,333
2017-11-17,321
2017-11-18,286
2017-11-19,289
2017-11-20,347
2017-11-21,296
2017-11-22,323
2017-11-23,315
2017-11-24,312
2017-11-25,295
2017-11-26,289
2017-11-27,317
2017-11-28,351
2017-11-29,288
2017-11-30,314
2017-12-01,294
2017-12-02,322
2017-12-03,315
2017-12-04,348
2017-12-05,329
2017-12-06,357
2017-12-07,367
2017-12-08,344
2017-12-09,356
2017-12-10,371
2017-12-11,355
2017-12-12,355
2017-12-13,359
2017-12-14,345
2017-12-15,359
2017-12-16,337
2017-12-17,347
2017-12-18,380
2017-12-19,332
2017-12-20,345
2017-12-21,391
2017-12-22,362
2017-12-23,363
2017-12-24,344
2017-12-25,361
2017-12-26,404
2017-12-27,426
2017-12-28,421
2017-12-29,389
2017-12-30,352
2017-12-31,390
2018-01-01,414
2018-01-02,418
2018-01-03,450
2018-01-04,425
2018-01-05,434
2018-01-06,404
2018-01-07,322
2018-01-08,389
2018-01-09,406
2018-01-10,432
2018-01-11,405
2018-01-12,368
2018-01-13,405
2018-01-14,404
2018-01-15,394
2018-01-16,421
2018-01-17,412
2018-01-18,389
2018-01-19,424
2018-01-20,407
2018-01-21,375
2018-01-22,380
2018-01-23,403
2018-01-24,398
2018-01-25,346
2018-01-26,399
2018-01-27,372
2018-01-28,399
2018-01-29,392
2018-01-30,383
2018-01-31,351
2018-02-01,365
2018-02-02,389
2018-02-03,373
2018-02-04,375
2018-02-05,424
2018-02-06,374
2018-02-07,408
2018-02-08,405
2018-02-09,412
2018-02-10,382
2018-02-11,388
2018-02-12,412
2018-02-13,418
2018-02-14,415
2018-02-15,410
2018-02-16,385
2018-02-17,387
2018-02-18,395
2018-02-19,407
2018-02-20,402
2018-02-21,415
2018-02-22,406
2018-02-23,385
2018-02-24,373
2018-02-25,392
2018-02-26,410
2018-02-27,399
2018-02-28,391
2018-03-01,376
2018-03-02,383
2018-03-03,368
2018-03-04,342
2018-03-05,347
2018-03-06,390
2018-03-07,319
2018-03-08,326
2018-03-09,323
2018-03-10,359
2018-03-11,335
2018-03-12,357
2018-03-13,344
2018-03-14,363
2018-03-15,344
2018-03-16,318
2018-03-17,328
2018-03-18,335
2018-03-19,297
2018-03-20,294
2018-03-21,317
2018-03-22,325
2018-03-23,343
2018-03-24,333
2018-03-25,331
2018-03-26,362
2018-03-27,351
2018-03-28,336
2018-03-29,321
2018-03-30,325
2018-03-31,311
2018-04-01,351
2018-04-02,394
2018-04-03,342
2018-04-04,352
2018-04-05,336
2018-04-06,322
2018-04-07,321
2018-04-08,296
2018-04-09,316
2018-04-10,318
2018-04-11,329
2018-04-12,343
2018-04-13,335
2018-04-14,320
2018-04-15,337
2018-04-16,322
2018-04-17,320
2018-04-18,303
2018-04-19,321
2018-04-20,321
2018-04-21,316
2018-04-22,301
2018-04-23,319
2018-04-24,321
2018-04-25,303
2018-04-26,308
2018-04-27,292
2018-04-28,289
2018-04-29,295
2018-04-30,282
2018-05-01,259
2018-05-02,281
2018-05-03,286
2018-05-04,308
2018-05-05,303
2018-05-06,295
2018-05-07,321
2018-05-08,310
2018-05-09,296
2018-05-10,290
2018-05-11,268
2018-05-12,267
2018-05-13,233
2018-05-14,273
2018-05-15,282
2018-05-16,310
2018-05-17,290
2018-05-18,328
2018-05-19,293
2018-05-20,304
2018-05-21,295
2018-05-22,258
2018-05-23,326
2018-05-24,268
2018-05-25,249
2018-05-26,276
2018-05-27,315
2018-05-28,279
2018-05-29,284
2018-05-30,275
2018-05-31,286
2018-06-01,259
2018-06-02,264
2018-06-03,249
2018-06-04,290
2018-06-05,314
2018-06-06,281
2018-06-07,270
2018-06-08,275
2018-06-09,271
2018-06-10,283
2018-06-11,271
2018-06-12,248
2018-06-13,282
2018-06-14,295
2018-06-15,281
2018-06-16,282
2018-06-17,287
2018-06-18,311
2018-06-19,342
2018-06-20,333
2018-06-21,310
2018-06-22,281
2018-06-23,259
2018-06-24,276
2018-06-25,303
2018-06-26,286
2018-06-27,304
2018-06-28,252
2018-06-29,262
2018-06-30,276
2018-07-01,256
2018-07-02,261
2018-07-03,260
2018-07-04,248
2018-07-05,250
2018-07-06,240
2018-07-07,254
2018-07-08,260
2018-07-09,223
2018-07-10,258
2018-07-11,291
2018-07-12,290
2018-07-13,243
2018-07-14,244
2018-07-15,236
2018-07-16,243
2018-07-17,272
2018-07-18,281
2018-07-19,258
2018-07-20,273
2018-07-21,253
2018-07-22,243
2018-07-23,251
2018-07-24,267
2018-07-25,276
2018-07-26,283
2018-07-27,251
2018-07-28,274
2018-07-29,244
2018-07-30,263
2018-07-31,269
2018-08-01,261
2018-08-02,273
2018-08-03,312
2018-08-04,362
2018-08-05,508
2018-08-06,495
2018-08-07,343
2018-08-08,293
2018-08-09,291
2018-08-10,250
2018-08-11,277
2018-08-12,263
2018-08-13,281
2018-08-14,290
2018-08-15,264
2018-08-16,291
2018-08-17,269
2018-08-18,294
2018-08-19,262
2018-08-20,287
2018-08-21,321
2018-08-22,281
2018-08-23,281
2018-08-24,265
2018-08-25,291
2018-08-26,245
2018-08-27,235
2018-08-28,254
2018-08-29,252
2018-08-30,237
2018-08-31,244
2018-09-01,282
2018-09-02,265
2018-09-03,272
2018-09-04,298
2018-09-05,252
2018-09-06,231
2018-09-07,257
2018-09-08,286
2018-09-09,255
2018-09-10,234
2018-09-11,269
2018-09-12,249
2018-09-13,276
2018-09-14,250
2018-09-15,253
2018-09-16,276
2018-09-17,253
2018-09-18,277
2018-09-19,263
2018-09-20,292
2018-09-21,275
2018-09-22,275
2018-09-23,243
2018-09-24,256
2018-09-25,258
2018-09-26,270
2018-09-27,268
2018-09-28,296
2018-09-29,252
2018-09-30,246
2018-10-01,303
2018-10-02,275
2018-10-03,258
2018-10-04,265
2018-10-05,292
2018-10-06,240
2018-10-07,271
2018-10-08,268
2018-10-09,295
2018-10-10,268
2018-10-11,283
2018-10-12,254
2018-10-13,304
2018-10-14,284
2018-10-15,317
2018-10-16,272
2018-10-17,286
2018-10-18,260
2018-10-19,293
2018-10-20,269
2018-10-21,254
2018-10-22,298
2018-10-23,291
2018-10-24,283
2018-10-25,285
2018-10-26,295
2018-10-27,263
2018-10-28,288
2018-10-29,287
2018-10-30,301
2018-10-31,269
2018-11-01,280
2018-11-02,339
2018-11-03,299
2018-11-04,279
2018-11-05,314
2018-11-06,288
2018-11-07,297
2018-11-08,275
2018-11-09,299
2018-11-10,342
2018-11-11,326
2018-11-12,323
2018-11-13,279
2018-11-14,291
2018-11-15,302
2018-11-16,315
2018-11-17,287
2018-11-18,303
2018-11-19,312
2018-11-20,289
2018-11-21,278
2018-11-22,318
2018-11-23,299
2018-11-24,268
2018-11-25,315
2018-11-26,305
2018-11-27,298
2018-11-28,287
2018-11-29,320
2018-11-30,297
2018-12-01,310
2018-12-02,326
2018-12-03,285
2018-12-04,288
2018-12-05,320
2018-12-06,313
2018-12-07,342
2018-12-08,324
2018-12-09,297
2018-12-10,306
2018-12-11,304
2018-12-12,337
2018-12-13,323
2018-12-14,295
2018-12-15,288
2018-12-16,280
2018-12-17,320
2018-12-18,338
2018-12-19,314
2018-12-20,285
2018-12-21,333
2018-12-22,307
2018-12-23,361
2018-12-24,353
2018-12-25,320
2018-12-26,339
2018-12-27,342
2018-12-28,337
2018-12-29,347
2018-12-30,342
2018-12-31,357
2019-01-01,371
2019-01-02,385
2019-01-03,367
2019-01-04,371
2019-01-05,367
2019-01-06,409
2019-01-07,414
2019-01-08,376
2019-01-09,417
2019-01-10,437
2019-01-11,408
2019-01-12,431
2019-01-13,416
2019-01-14,483
2019-01-15,414
2019-01-16,445
2019-01-17,413
2019-01-18,415
2019-01-19,403
2019-01-20,414
2019-01-21,408
2019-01-22,436
2019-01-23,445
2019-01-24,457
2019-01-25,439
2019-01-26,416
2019-01-27,433
2019-01-28,434
2019-01-29,445
2019-01-30,425
2019-01-31,431
2019-02-01,401
2019-02-02,398
2019-02-03,370
2019-02-04,382
2019-02-05,415
2019-02-06,427
2019-02-07,395
2019-02-08,383
2019-02-09,404
2019-02-10,381
2019-02-11,447
2019-02-12,388
2019-02-13,367
2019-02-14,389
2019-02-15,391
2019-02-16,378
2019-02-17,363
2019-02-18,368
2019-02-19,395
2019-02-20,333
2019-02-21,377
2019-02-22,346
2019-02-23,381
2019-02-24,355
2019-02-25,354
2019-02-26,361
2019-02-27,331
2019-02-28,353
2019-03-01,352
2019-03-02,340
2019-03-03,355
2019-03-04,353
2019-03-05,335
2019-03-06,318
2019-03-07,335
2019-03-08,333
2019-03-09,339
2019-03-10,334
2019-03-11,334
2019-03-12,338
2019-03-13,320
2019-03-14,335
2019-03-15,271
2019-03-16,340
2019-03-17,317
2019-03-18,296
2019-03-19,322
2019-03-20,334
2019-03-21,338
2019-03-22,297
2019-03-23,320
2019-03-24,296
2019-03-25,298
2019-03-26,318
2019-03-27,311
2019-03-28,275
2019-03-29,283
2019-03-30,348
2019-03-31,307
2019-04-01,330
2019-04-02,307
2019-04-03,266
2019-04-04,285
2019-04-05,310
2019-04-06,291
2019-04-07,325
2019-04-08,335
2019-04-09,285
2019-04-10,323
2019-04-11,299
2019-04-12,298
2019-04-13,294
2019-04-14,304
2019-04-15,325
2019-04-16,313
2019-04-17,319
2019-04-18,274
2019-04-19,288
2019-04-20,304
2019-04-21,311
2019-04-22,327
2019-04-23,308
2019-04-24,319
2019-04-25,269
2019-04-26,293
2019-04-27,274
2019-04-28,305
2019-04-29,298
2019-04-30,317
2019-05-01,276
2019-05-02,268
2019-05-03,298
2019-05-04,310
2019-05-05,316
2019-05-06,277
2019-05-07,310
2019-05-08,280
2019-05-09,246
2019-05-10,336
2019-05-11,279
2019-05-12,281
2019-05-13,272
2019-05-14,301
2019-05-15,324
2019-05-16,284
2019-05-17,240
2019-05-18,259
2019-05-19,261
2019-05-20,272
2019-05-21,268
2019-05-22,276
2019-05-23,250
2019-05-24,269
2019-05-25,300
2019-05-26,293
2019-05-27,265
2019-05-28,266
2019-05-29,251
2019-05-30,301
2019-05-31,285
2019-06-01,313
2019-06-02,286
2019-06-03,287
2019-06-04,299
2019-06-05,277
2019-06-06,250
2019-06-07,249
2019-06-08,256
2019-06-09,232
2019-06-10,256
2019-06-11,278
2019-06-12,250
2019-06-13,266
2019-06-14,263
2019-06-15,312
2019-06-16,255
2019-06-17,278
2019-06-18,269
2019-06-19,287
2019-06-20,272
2019-06-21,263
2019-06-22,258
2019-06-23,292
2019-06-24,293
2019-06-25,304
2019-06-26,270
2019-06-27,260
2019-06-28,244
2019-06-29,279
2019-06-30,269
2019-07-01,268
2019-07-02,287
2019-07-03,277
2019-07-04,265
2019-07-05,283
2019-07-06,261
2019-07-07,256
2019-07-08,275
2019-07-09,257
2019-07-10,270
2019-07-11,284
2019-07-12,289
2019-07-13,270
2019-07-14,254
2019-07-15,251
2019-07-16,254
2019-07-17,257
2019-07-18,255
2019-07-19,300
2019-07-20,266
2019-07-21,252
2019-07-22,266
2019-07-23,270
2019-07-24,242
2019-07-25,294
2019-07-26,255
2019-07-27,256
2019-07-28,276
2019-07-29,274
2019-07-30,232
2019-07-31,256
2019-08-01,259
2019-08-02,290
2019-08-03,309
2019-08-04,235
2019-08-05,245
2019-08-06,272
2019-08-07,260
2019-08-08,301
2019-08-09,285
2019-08-10,257
2019-08-11,230
2019-08-12,251
2019-08-13,258
2019-08-14,245
2019-08-15,231
2019-08-16,262
2019-08-17,263
2019-08-18,274
2019-08-19,258
2019-08-20,265
2019-08-21,287
2019-08-22,270
2019-08-23,302
2019-08-24,309
2019-08-25,254
2019-08-26,291
2019-08-27,257
2019-08-28,274
2019-08-29,288
2019-08-30,272
2019-08-31,249
2019-09-01,263
2019-09-02,273
2019-09-03,284
2019-09-04,283
2019-09-05,285
2019-09-06,266
2019-09-07,266
2019-09-08,287
2019-09-09,258
2019-09-10,243
2019-09-11,258
2019-09-12,279
2019-09-13,248
2019-09-14,287
2019-09-15,244
2019-09-16,295
2019-09-17,260
2019-09-18,266
2019-09-19,264
2019-09-20,293
2019-09-21,278
2019-09-22,253
2019-09-23,288
2019-09-24,238
2019-09-25,253
2019-09-26,262
2019-09-27,254
2019-09-28,273
2019-09-29,266
2019-09-30,293
2019-10-01,271
2019-10-02,286
2019-10-03,262
2019-10-04,292
2019-10-05,266
2019-10-06,250
2019-10-07,266
2019-10-08,278
2019-10-09,271
2019-10-10,270
2019-10-11,249
2019-10-12,263
2019-10-13,272
2019-10-14,269
2019-10-15,249
2019-10-16,262
2019-10-17,298
2019-10-18,282
2019-10-19,288
2019-10-20,278
2019-10-21,298
2019-10-22,304
2019-10-23,310
2019-10-24,296
2019-10-25,302
2019-10-26,303
2019-10-27,321
2019-10-28,319
2019-10-29,291
2019-10-30,326
2019-10-31,305
2019-11-01,310
2019-11-02,297
2019-11-03,299
2019-11-04,321
2019-11-05,301
2019-11-06,299
2019-11-07,300
2019-11-08,314
2019-11-09,290
2019-11-10,286
2019-11-11,307
2019-11-12,310
2019-11-13,299
2019-11-14,315
2019-11-15,321
2019-11-16,300
2019-11-17,318
2019-11-18,301
2019-11-19,352
2019-11-20,309
2019-11-21,328
2019-11-22,347
2019-11-23,309
2019-11-24,304
2019-11-25,330
2019-11-26,335
2019-11-27,327
2019-11-28,319
2019-11-29,324
2019-11-30,325
2019-12-01,289
2019-12-02,310
2019-12-03,300
2019-12-04,271
2019-12-05,341
2019-12-06,312
2019-12-07,305
2019-12-08,300
2019-12-09,332
2019-12-10,335
2019-12-11,333
2019-12-12,336
2019-12-13,299
2019-12-14,332
2019-12-15,335
2019-12-16,335
2019-12-17,267
2019-12-18,317
2019-12-19,356
2019-12-20,337
2019-12-21,342
2019-12-22,345
2019-12-23,322
2019-12-24,335
2019-12-25,329
2019-12-26,314
2019-12-27,350
2019-12-28,318
2019-12-29,354
2019-12-30,339
2019-12-31,345
2020-01-01,376
2020-01-02,381
2020-01-03,374
2020-01-04,364
2020-01-05,333
2020-01-06,364
2020-01-07,382
2020-01-08,385
2020-01-09,380
2020-01-10,376
2020-01-11,378
2020-01-12,405
2020-01-13,405
2020-01-14,397
2020-01-15,426
2020-01-16,388
2020-01-17,389
2020-01-18,388
2020-01-19,382
2020-01-20,375
2020-01-21,356
2020-01-22,377
2020-01-23,402
2020-01-24,380
2020-01-25,413
2020-01-26,373
2020-01-27,412
2020-01-28,375
2020-01-29,367
2020-01-30,378
2020-01-31,392
2020-02-01,383
2020-02-02,383
2020-02-03,399
2020-02-04,379
2020-02-05,356
2020-02-06,344
2020-02-07,352
2020-02-08,337
2020-02-09,330
2020-02-10,331
2020-02-11,324
2020-02-12,336
2020-02-13,333
2020-02-14,316
2020-02-15,331
2020-02-16,311
2020-02-17,362
2020-02-18,313
2020-02-19,340
2020-02-20,317
2020-02-21,350
2020-02-22,352
2020-02-23,330
2020-02-24,333
2020-02-25,328
2020-02-26,316
2020-02-27,357
2020-02-28,317
2020-02-29,319
2020-03-01,333
2020-03-02,312
2020-03-03,328
2020-03-04,300
2020-03-05,305
2020-03-06,314
2020-03-07,321
2020-03-08,301
2020-03-09,337
2020-03-10,339
2020-03-11,349
2020-03-12,344
2020-03-13,346
2020-03-14,338
2020-03-15,312
2020-03-16,346
2020-03-17,339
2020-03-18,333
2020-03-19,369
2020-03-20,365
2020-03-21,353
2020-03-22,335
2020-03-23,327
2020-03-24,379
2020-03-25,360
2020-03-26,390
2020-03-27,368
2020-03-28,363
2020-03-29,366
2020-03-30,369
2020-03-31,378
2020-04-01,381
2020-04-02,376
2020-04-03,388
2020-04-04,421
2020-04-05,342
2020-04-06,377
2020-04-07,385
2020-04-08,391
2020-04-09,383
2020-04-10,359
2020-04-11,349
2020-04-12,371
2020-04-13,370
2020-04-14,340
2020-04-15,340
2020-04-16,348
2020-04-17,351
2020-04-18,330
2020-04-19,308
2020-04-20,353
2020-04-21,311
2020-04-22,327
2020-04-23,336
2020-04-24,326
2020-04-25,338
2020-04-26,318
2020-04-27,308
2020-04-28,324
2020-04-29,278
2020-04-30,302
2020-05-01,337
2020-05-02,305
2020-05-03,318
2020-05-04,313
2020-05-05,324
2020-05-06,317
2020-05-07,333
2020-05-08,318
2020-05-09,304
2020-05-10,267
2020-05-11,290
2020-05-12,329
2020-05-13,266
2020-05-14,297
2020-05-15,270
2020-05-16,303
2020-05-17,304
2020-05-18,292
2020-05-19,294
2020-05-20,297
2020-05-21,285
2020-05-22,283
2020-05-23,304
2020-05-24,313
2020-05-25,352
2020-05-26,333
2020-05-27,343
2020-05-28,308
2020-05-29,357
2020-05-30,319
2020-05-31,317
2020-06-01,303
2020-06-02,296
2020-06-03,278
2020-06-04,305
2020-06-05,303
2020-06-06,271
2020-06-07,272
2020-06-08,278
2020-06-09,242
2020-06-10,263
2020-06-11,275
2020-06-12,287
2020-06-13,268
2020-06-14,259
2020-06-15,274
2020-06-16,268
2020-06-17,342
2020-06-18,263
2020-06-19,266
2020-06-20,276
2020-06-21,251
2020-06-22,325
2020-06-23,323
2020-06-24,304
2020-06-25,311
2020-06-26,296
2020-06-27,299
2020-06-28,266
2020-06-29,312
2020-06-30,289
2020-07-01,283
2020-07-02,307
2020-07-03,302
2020-07-04,266
2020-07-05,301
2020-07-06,302
2020-07-07,318
2020-07-08,335
2020-07-09,336
2020-07-10,335
2020-07-11,297
2020-07-12,320
2020-07-13,338
2020-07-14,401
2020-07-15,317
2020-07-16,399
2020-07-17,376
2020-07-18,411
2020-07-19,411
2020-07-20,382
2020-07-21,371
2020-07-22,364
2020-07-23,352
2020-07-24,351
2020-07-25,321
2020-07-26,301
2020-07-27,331
2020-07-28,319
2020-07-29,312
2020-07-30,346
2020-07-31,325
2020-08-01,313
2020-08-02,269
2020-08-03,312
2020-08-04,290
2020-08-05,303
2020-08-06,317
2020-08-07,292
2020-08-08,307
2020-08-09,269
2020-08-10,289
2020-08-11,303
2020-08-12,288
2020-08-13,263
2020-08-14,259
2020-08-15,286
2020-08-16,249
2020-08-17,271
2020-08-18,292
2020-08-19,286
2020-08-20,310
2020-08-21,280
2020-08-22,289
2020-08-23,287
2020-08-24,291
2020-08-25,302
2020-08-26,305
2020-08-27,303
2020-08-28,312
2020-08-29,277
2020-08-30,283
2020-08-31,257
2020-09-01,306
2020-09-02,278
2020-09-03,291
2020-09-04,329
2020-09-05,317
2020-09-06,291
2020-09-07,307
2020-09-08,311
2020-09-09,318
2020-09-10,325
2020-09-11,323
2020-09-12,322
2020-09-13,334
2020-09-14,308
2020-09-15,322
2020-09-16,354
2020-09-17,309
2020-09-18,283
2020-09-19,273
2020-09-20,280
2020-09-21,262
2020-09-22,258
2020-09-23,278
2020-09-24,283
2020-09-25,272
2020-09-26,270
2020-09-27,266
2020-09-28,320
2020-09-29,295
2020-09-30,325
2020-10-01,292
2020-10-02,309
2020-10-03,305
2020-10-04,294
2020-10-05,322
2020-10-06,324
2020-10-07,307
2020-10-08,325
2020-10-09,274
2020-10-10,301
2020-10-11,297
2020-10-12,320
2020-10-13,306
2020-10-14,312
2020-10-15,325
2020-10-16,308
2020-10-17,329
2020-10-18,304
2020-10-19,312
2020-10-20,313
2020-10-21,273
