data,grupo_etario,total
2021-01-01,< 1 ano,1
2021-01-02,< 1 ano,1
2021-01-03,< 1 ano,0
2021-01-04,< 1 ano,0
2021-01-05,< 1 ano,0
2021-01-06,< 1 ano,1
2021-01-07,< 1 ano,1
2021-01-08,< 1 ano,0
2021-01-09,< 1 ano,0
2021-01-10,< 1 ano,0
2021-01-11,< 1 ano,1
2021-01-12,< 1 ano,1
2021-01-13,< 1 ano,0
2021-01-14,< 1 ano,2
2021-01-15,< 1 ano,2
2021-01-16,< 1 ano,2
2021-01-17,< 1 ano,1
2021-01-18,< 1 ano,0
2021-01-19,< 1 ano,1
2021-01-20,< 1 ano,0
2021-01-21,< 1 ano,1
2021-01-22,< 1 ano,0
2021-01-23,< 1 ano,0
2021-01-24,< 1 ano,0
2021-01-25,< 1 ano,1
2021-01-26,< 1 ano,0
2021-01-27,< 1 ano,1
2021-01-28,< 1 ano,0
2021-01-29,< 1 ano,0
2021-01-30,< 1 ano,0
2021-01-31,< 1 ano,0
2021-02-01,< 1 ano,0
2021-02-02,< 1 ano,1
2021-02-03,< 1 ano,1
2021-02-04,< 1 ano,1
2021-02-05,< 1 ano,3
2021-02-06,< 1 ano,0
2021-02-07,< 1 ano,0
2021-02-08,< 1 ano,0
2021-02-09,< 1 ano,1
2021-02-10,< 1 ano,0
2021-02-11,< 1 ano,1
2021-02-12,< 1 ano,1
2021-02-13,< 1 ano,1
2021-02-14,< 1 ano,0
2021-02-15,< 1 ano,0
2021-02-16,< 1 ano,1
2021-02-17,< 1 ano,0
2021-02-18,< 1 ano,2
2021-02-19,< 1 ano,0
2021-02-20,< 1 ano,0
2021-02-21,< 1 ano,0
2021-02-22,< 1 ano,1
2021-02-23,< 1 ano,0
2021-02-24,< 1 ano,1
2021-02-25,< 1 ano,0
2021-02-26,< 1 ano,0
2021-02-27,< 1 ano,0
2021-02-28,< 1 ano,0
2021-03-01,< 1 ano,0
2021-03-02,< 1 ano,0
2021-03-03,< 1 ano,1
2021-03-04,< 1 ano,2
2021-03-05,< 1 ano,3
2021-03-06,< 1 ano,1
2021-03-07,< 1 ano,0
2021-03-08,< 1 ano,0
2021-03-09,< 1 ano,0
2021-03-10,< 1 ano,0
2021-03-11,< 1 ano,0
2021-03-12,< 1 ano,0
2021-03-13,< 1 ano,0
2021-03-14,< 1 ano,1
2021-03-15,< 1 ano,0
2021-03-16,< 1 ano,1
2021-03-17,< 1 ano,0
2021-03-18,< 1 ano,0
2021-03-19,< 1 ano,0
2021-03-20,< 1 ano,1
2021-03-21,< 1 ano,0
2021-03-22,< 1 ano,2
2021-03-23,< 1 ano,0
2021-03-24,< 1 ano,1
2021-03-25,< 1 ano,0
2021-03-26,< 1 ano,0
2021-03-27,< 1 ano,0
2021-03-28,< 1 ano,2
2021-03-29,< 1 ano,1
2021-03-30,< 1 ano,0
2021-03-31,< 1 ano,1
2021-04-01,< 1 ano,1
2021-04-02,< 1 ano,0
2021-04-03,< 1 ano,0
2021-04-04,< 1 ano,0
2021-04-05,< 1 ano,1
2021-04-06,< 1 ano,0
2021-04-07,< 1 ano,1
2021-04-08,< 1 ano,2
2021-04-09,< 1 ano,0
2021-04-10,< 1 ano,0
2021-04-11,< 1 ano,1
2021-04-12,< 1 ano,0
2021-04-13,< 1 ano,0
2021-04-14,< 1 ano,0
2021-04-15,< 1 ano,0
2021-04-16,< 1 ano,0
2021-04-17,< 1 ano,0
2021-04-18,< 1 ano,0
2021-04-19,< 1 ano,1
2021-04-20,< 1 ano,1
2021-04-21,< 1 ano,1
2021-04-22,< 1 ano,1
2021-04-23,< 1 ano,1
2021-04-24,< 1 ano,0
2021-04-25,< 1 ano,1
2021-04-26,< 1 ano,0
2021-04-27,< 1 ano,0
2021-04-28,< 1 ano,0
2021-04-29,< 1 ano,0
2021-04-30,< 1 ano,1
2021-05-01,< 1 ano,0
2021-05-02,< 1 ano,1
2021-05-03,< 1 ano,0
2021-05-04,< 1 ano,0
2021-05-05,< 1 ano,1
2021-05-06,< 1 ano,1
2021-05-07,< 1 ano,0
2021-05-08,< 1 ano,0
2021-05-09,< 1 ano,0
2021-05-10,< 1 ano,1
2021-05-11,< 1 ano,2
2021-05-12,< 1 ano,0
2021-05-13,< 1 ano,0
2021-05-14,< 1 ano,2
2021-05-15,< 1 ano,0
2021-05-16,< 1 ano,2
2021-05-17,< 1 ano,0
2021-05-18,< 1 ano,0
2021-05-19,< 1 ano,0
2021-05-20,< 1 ano,1
2021-05-21,< 1 ano,0
2021-05-22,< 1 ano,0
2021-05-23,< 1 ano,0
2021-05-24,< 1 ano,0
2021-05-25,< 1 ano,0
2021-05-26,< 1 ano,0
2021-05-27,< 1 ano,0
2021-05-28,< 1 ano,1
2021-05-29,< 1 ano,0
2021-05-30,< 1 ano,0
2021-05-31,< 1 ano,0
2021-06-01,< 1 ano,0
2021-06-02,< 1 ano,0
2021-06-03,< 1 ano,0
2021-06-04,< 1 ano,1
2021-06-05,< 1 ano,2
2021-06-06,< 1 ano,0
2021-06-07,< 1 ano,0
2021-06-08,< 1 ano,0
2021-06-09,< 1 ano,0
2021-06-10,< 1 ano,0
2021-06-11,< 1 ano,0
2021-06-12,< 1 ano,0
2021-06-13,< 1 ano,1
2021-06-14,< 1 ano,0
2021-06-15,< 1 ano,2
2021-06-16,< 1 ano,1
2021-06-17,< 1 ano,2
2021-06-18,< 1 ano,0
2021-06-19,< 1 ano,2
2021-06-20,< 1 ano,0
2021-06-21,< 1 ano,0
2021-06-22,< 1 ano,1
2021-06-23,< 1 ano,0
2021-06-24,< 1 ano,0
2021-06-25,< 1 ano,1
2021-06-26,< 1 ano,0
2021-06-27,< 1 ano,1
2021-06-28,< 1 ano,0
2021-06-29,< 1 ano,1
2021-06-30,< 1 ano,0
2021-07-01,< 1 ano,0
2021-07-02,< 1 ano,0
2021-01-01,1-4 anos,1
2021-01-02,1-4 anos,0
2021-01-03,1-4 anos,0
2021-01-04,1-4 anos,0
2021-01-05,1-4 anos,0
2021-01-06,1-4 anos,0
2021-01-07,1-4 anos,0
2021-01-08,1-4 anos,0
2021-01-09,1-4 anos,0
2021-01-10,1-4 anos,1
2021-01-11,1-4 anos,1
2021-01-12,1-4 anos,0
2021-01-13,1-4 anos,1
2021-01-14,1-4 anos,1
2021-01-15,1-4 anos,0
2021-01-16,1-4 anos,0
2021-01-17,1-4 anos,0
2021-01-18,1-4 anos,0
2021-01-19,1-4 anos,0
2021-01-20,1-4 anos,0
2021-01-21,1-4 anos,1
2021-01-22,1-4 anos,1
2021-01-23,1-4 anos,0
2021-01-24,1-4 anos,0
2021-01-25,1-4 anos,1
2021-01-26,1-4 anos,0
2021-01-27,1-4 anos,0
2021-01-28,1-4 anos,0
2021-01-29,1-4 anos,0
2021-01-30,1-4 anos,0
2021-01-31,1-4 anos,0
2021-02-01,1-4 anos,0
2021-02-02,1-4 anos,0
2021-02-03,1-4 anos,0
2021-02-04,1-4 anos,0
2021-02-05,1-4 anos,0
2021-02-06,1-4 anos,0
2021-02-07,1-4 anos,0
2021-02-08,1-4 anos,0
2021-02-09,1-4 anos,0
2021-02-10,1-4 anos,0
2021-02-11,1-4 anos,0
2021-02-12,1-4 anos,0
2021-02-13,1-4 anos,0
2021-02-14,1-4 anos,1
2021-02-15,1-4 anos,0
2021-02-16,1-4 anos,0
2021-02-17,1-4 anos,0
2021-02-18,1-4 anos,0
2021-02-19,1-4 anos,0
2021-02-20,1-4 anos,0
2021-02-21,1-4 anos,0
2021-02-22,1-4 anos,0
2021-02-23,1-4 anos,0
2021-02-24,1-4 anos,0
2021-02-25,1-4 anos,0
2021-02-26,1-4 anos,0
2021-02-27,1-4 anos,0
2021-02-28,1-4 anos,0
2021-03-01,1-4 anos,0
2021-03-02,1-4 anos,0
2021-03-03,1-4 anos,0
2021-03-04,1-4 anos,0
2021-03-05,1-4 anos,0
2021-03-06,1-4 anos,0
2021-03-07,1-4 anos,0
2021-03-08,1-4 anos,0
2021-03-09,1-4 anos,0
2021-03-10,1-4 anos,1
2021-03-11,1-4 anos,0
2021-03-12,1-4 anos,0
2021-03-13,1-4 anos,0
2021-03-14,1-4 anos,0
2021-03-15,1-4 anos,0
2021-03-16,1-4 anos,0
2021-03-17,1-4 anos,0
2021-03-18,1-4 anos,0
2021-03-19,1-4 anos,0
2021-03-20,1-4 anos,0
2021-03-21,1-4 anos,0
2021-03-22,1-4 anos,0
2021-03-23,1-4 anos,0
2021-03-24,1-4 anos,0
2021-03-25,1-4 anos,0
2021-03-26,1-4 anos,0
2021-03-27,1-4 anos,0
2021-03-28,1-4 anos,0
2021-03-29,1-4 anos,0
2021-03-30,1-4 anos,0
2021-03-31,1-4 anos,0
2021-04-01,1-4 anos,0
2021-04-02,1-4 anos,0
2021-04-03,1-4 anos,2
2021-04-04,1-4 anos,0
2021-04-05,1-4 anos,0
2021-04-06,1-4 anos,0
2021-04-07,1-4 anos,0
2021-04-08,1-4 anos,0
2021-04-09,1-4 anos,0
2021-04-10,1-4 anos,0
2021-04-11,1-4 anos,0
2021-04-12,1-4 anos,0
2021-04-13,1-4 anos,0
2021-04-14,1-4 anos,0
2021-04-15,1-4 anos,0
2021-04-16,1-4 anos,0
2021-04-17,1-4 anos,0
2021-04-18,1-4 anos,0
2021-04-19,1-4 anos,0
2021-04-20,1-4 anos,1
2021-04-21,1-4 anos,1
2021-04-22,1-4 anos,0
2021-04-23,1-4 anos,0
2021-04-24,1-4 anos,0
2021-04-25,1-4 anos,0
2021-04-26,1-4 anos,0
2021-04-27,1-4 anos,0
2021-04-28,1-4 anos,0
2021-04-29,1-4 anos,0
2021-04-30,1-4 anos,0
2021-05-01,1-4 anos,0
2021-05-02,1-4 anos,0
2021-05-03,1-4 anos,0
2021-05-04,1-4 anos,0
2021-05-05,1-4 anos,0
2021-05-06,1-4 anos,1
2021-05-07,1-4 anos,0
2021-05-08,1-4 anos,0
2021-05-09,1-4 anos,0
2021-05-10,1-4 anos,0
2021-05-11,1-4 anos,0
2021-05-12,1-4 anos,0
2021-05-13,1-4 anos,0
2021-05-14,1-4 anos,1
2021-05-15,1-4 anos,0
2021-05-16,1-4 anos,0
2021-05-17,1-4 anos,0
2021-05-18,1-4 anos,1
2021-05-19,1-4 anos,1
2021-05-20,1-4 anos,2
2021-05-21,1-4 anos,0
2021-05-22,1-4 anos,0
2021-05-23,1-4 anos,0
2021-05-24,1-4 anos,0
2021-05-25,1-4 anos,0
2021-05-26,1-4 anos,0
2021-05-27,1-4 anos,0
2021-05-28,1-4 anos,1
2021-05-29,1-4 anos,0
2021-05-30,1-4 anos,0
2021-05-31,1-4 anos,1
2021-06-01,1-4 anos,0
2021-06-02,1-4 anos,0
2021-06-03,1-4 anos,1
2021-06-04,1-4 anos,0
2021-06-05,1-4 anos,0
2021-06-06,1-4 anos,0
2021-06-07,1-4 anos,0
2021-06-08,1-4 anos,0
2021-06-09,1-4 anos,0
2021-06-10,1-4 anos,0
2021-06-11,1-4 anos,0
2021-06-12,1-4 anos,0
2021-06-13,1-4 anos,1
2021-06-14,1-4 anos,0
2021-06-15,1-4 anos,1
2021-06-16,1-4 anos,0
2021-06-17,1-4 anos,0
2021-06-18,1-4 anos,0
2021-06-19,1-4 anos,0
2021-06-20,1-4 anos,0
2021-06-21,1-4 anos,1
2021-06-22,1-4 anos,0
2021-06-23,1-4 anos,0
2021-06-24,1-4 anos,0
2021-06-25,1-4 anos,0
2021-06-26,1-4 anos,0
2021-06-27,1-4 anos,0
2021-06-28,1-4 anos,0
2021-06-29,1-4 anos,0
2021-06-30,1-4 anos,0
2021-07-01,1-4 anos,0
2021-07-02,1-4 anos,1
2021-01-01,5-14 anos,0
2021-01-02,5-14 anos,1
2021-01-03,5-14 anos,0
2021-01-04,5-14 anos,0
2021-01-05,5-14 anos,0
2021-01-06,5-14 anos,0
2021-01-07,5-14 anos,0
2021-01-08,5-14 anos,1
2021-01-09,5-14 anos,0
2021-01-10,5-14 anos,0
2021-01-11,5-14 anos,0
2021-01-12,5-14 anos,0
2021-01-13,5-14 anos,0
2021-01-14,5-14 anos,0
2021-01-15,5-14 anos,0
2021-01-16,5-14 anos,0
2021-01-17,5-14 anos,0
2021-01-18,5-14 anos,0
2021-01-19,5-14 anos,1
2021-01-20,5-14 anos,0
2021-01-21,5-14 anos,0
2021-01-22,5-14 anos,0
2021-01-23,5-14 anos,0
2021-01-24,5-14 anos,0
2021-01-25,5-14 anos,0
2021-01-26,5-14 anos,0
2021-01-27,5-14 anos,0
2021-01-28,5-14 anos,1
2021-01-29,5-14 anos,0
2021-01-30,5-14 anos,0
2021-01-31,5-14 anos,1
2021-02-01,5-14 anos,0
2021-02-02,5-14 anos,1
2021-02-03,5-14 anos,0
2021-02-04,5-14 anos,1
2021-02-05,5-14 anos,0
2021-02-06,5-14 anos,0
2021-02-07,5-14 anos,0
2021-02-08,5-14 anos,0
2021-02-09,5-14 anos,0
2021-02-10,5-14 anos,1
2021-02-11,5-14 anos,0
2021-02-12,5-14 anos,0
2021-02-13,5-14 anos,0
2021-02-14,5-14 anos,0
2021-02-15,5-14 anos,0
2021-02-16,5-14 anos,1
2021-02-17,5-14 anos,0
2021-02-18,5-14 anos,0
2021-02-19,5-14 anos,1
2021-02-20,5-14 anos,0
2021-02-21,5-14 anos,0
2021-02-22,5-14 anos,0
2021-02-23,5-14 anos,0
2021-02-24,5-14 anos,0
2021-02-25,5-14 anos,0
2021-02-26,5-14 anos,0
2021-02-27,5-14 anos,0
2021-02-28,5-14 anos,0
2021-03-01,5-14 anos,0
2021-03-02,5-14 anos,0
2021-03-03,5-14 anos,0
2021-03-04,5-14 anos,1
2021-03-05,5-14 anos,0
2021-03-06,5-14 anos,0
2021-03-07,5-14 anos,0
2021-03-08,5-14 anos,0
2021-03-09,5-14 anos,0
2021-03-10,5-14 anos,1
2021-03-11,5-14 anos,1
2021-03-12,5-14 anos,0
2021-03-13,5-14 anos,1
2021-03-14,5-14 anos,2
2021-03-15,5-14 anos,0
2021-03-16,5-14 anos,0
2021-03-17,5-14 anos,0
2021-03-18,5-14 anos,0
2021-03-19,5-14 anos,1
2021-03-20,5-14 anos,0
2021-03-21,5-14 anos,0
2021-03-22,5-14 anos,1
2021-03-23,5-14 anos,0
2021-03-24,5-14 anos,1
2021-03-25,5-14 anos,0
2021-03-26,5-14 anos,0
2021-03-27,5-14 anos,0
2021-03-28,5-14 anos,0
2021-03-29,5-14 anos,0
2021-03-30,5-14 anos,0
2021-03-31,5-14 anos,0
2021-04-01,5-14 anos,0
2021-04-02,5-14 anos,0
2021-04-03,5-14 anos,1
2021-04-04,5-14 anos,0
2021-04-05,5-14 anos,0
2021-04-06,5-14 anos,0
2021-04-07,5-14 anos,0
2021-04-08,5-14 anos,0
2021-04-09,5-14 anos,0
2021-04-10,5-14 anos,1
2021-04-11,5-14 anos,0
2021-04-12,5-14 anos,0
2021-04-13,5-14 anos,0
2021-04-14,5-14 anos,0
2021-04-15,5-14 anos,0
2021-04-16,5-14 anos,2
2021-04-17,5-14 anos,0
2021-04-18,5-14 anos,1
2021-04-19,5-14 anos,0
2021-04-20,5-14 anos,1
2021-04-21,5-14 anos,0
2021-04-22,5-14 anos,0
2021-04-23,5-14 anos,2
2021-04-24,5-14 anos,0
2021-04-25,5-14 anos,0
2021-04-26,5-14 anos,0
2021-04-27,5-14 anos,0
2021-04-28,5-14 anos,0
2021-04-29,5-14 anos,0
2021-04-30,5-14 anos,0
2021-05-01,5-14 anos,0
2021-05-02,5-14 anos,0
2021-05-03,5-14 anos,1
2021-05-04,5-14 anos,0
2021-05-05,5-14 anos,0
2021-05-06,5-14 anos,0
2021-05-07,5-14 anos,0
2021-05-08,5-14 anos,0
2021-05-09,5-14 anos,2
2021-05-10,5-14 anos,0
2021-05-11,5-14 anos,0
2021-05-12,5-14 anos,0
2021-05-13,5-14 anos,0
2021-05-14,5-14 anos,0
2021-05-15,5-14 anos,0
2021-05-16,5-14 anos,0
2021-05-17,5-14 anos,1
2021-05-18,5-14 anos,0
2021-05-19,5-14 anos,0
2021-05-20,5-14 anos,0
2021-05-21,5-14 anos,2
2021-05-22,5-14 anos,0
2021-05-23,5-14 anos,0
2021-05-24,5-14 anos,0
2021-05-25,5-14 anos,0
2021-05-26,5-14 anos,0
2021-05-27,5-14 anos,0
2021-05-28,5-14 anos,0
2021-05-29,5-14 anos,0
2021-05-30,5-14 anos,0
2021-05-31,5-14 anos,0
2021-06-01,5-14 anos,1
2021-06-02,5-14 anos,0
2021-06-03,5-14 anos,0
2021-06-04,5-14 anos,0
2021-06-05,5-14 anos,0
2021-06-06,5-14 anos,1
2021-06-07,5-14 anos,0
2021-06-08,5-14 anos,0
2021-06-09,5-14 anos,1
2021-06-10,5-14 anos,0
2021-06-11,5-14 anos,0
2021-06-12,5-14 anos,0
2021-06-13,5-14 anos,1
2021-06-14,5-14 anos,0
2021-06-15,5-14 anos,0
2021-06-16,5-14 anos,0
2021-06-17,5-14 anos,1
2021-06-18,5-14 anos,1
2021-06-19,5-14 anos,0
2021-06-20,5-14 anos,1
2021-06-21,5-14 anos,0
2021-06-22,5-14 anos,0
2021-06-23,5-14 anos,0
2021-06-24,5-14 anos,0
2021-06-25,5-14 anos,0
2021-06-26,5-14 anos,0
2021-06-27,5-14 anos,0
2021-06-28,5-14 anos,0
2021-06-29,5-14 anos,0
2021-06-30,5-14 anos,0
2021-07-01,5-14 anos,0
2021-07-02,5-14 anos,0
2021-01-01,15-24 anos,0
2021-01-02,15-24 anos,3
2021-01-03,15-24 anos,1
2021-01-04,15-24 anos,0
2021-01-05,15-24 anos,0
2021-01-06,15-24 anos,3
2021-01-07,15-24 anos,2
2021-01-08,15-24 anos,0
2021-01-09,15-24 anos,0
2021-01-10,15-24 anos,0
2021-01-11,15-24 anos,0
2021-01-12,15-24 anos,3
2021-01-13,15-24 anos,0
2021-01-14,15-24 anos,1
2021-01-15,15-24 anos,0
2021-01-16,15-24 anos,4
2021-01-17,15-24 anos,1
2021-01-18,15-24 anos,1
2021-01-19,15-24 anos,0
2021-01-20,15-24 anos,0
2021-01-21,15-24 anos,0
2021-01-22,15-24 anos,2
2021-01-23,15-24 anos,3
2021-01-24,15-24 anos,1
2021-01-25,15-24 anos,3
2021-01-26,15-24 anos,0
2021-01-27,15-24 anos,0
2021-01-28,15-24 anos,3
2021-01-29,15-24 anos,1
2021-01-30,15-24 anos,1
2021-01-31,15-24 anos,0
2021-02-01,15-24 anos,0
2021-02-02,15-24 anos,0
2021-02-03,15-24 anos,0
2021-02-04,15-24 anos,0
2021-02-05,15-24 anos,0
2021-02-06,15-24 anos,1
2021-02-07,15-24 anos,0
2021-02-08,15-24 anos,2
2021-02-09,15-24 anos,0
2021-02-10,15-24 anos,0
2021-02-11,15-24 anos,1
2021-02-12,15-24 anos,0
2021-02-13,15-24 anos,1
2021-02-14,15-24 anos,2
2021-02-15,15-24 anos,0
2021-02-16,15-24 anos,1
2021-02-17,15-24 anos,1
2021-02-18,15-24 anos,0
2021-02-19,15-24 anos,1
2021-02-20,15-24 anos,0
2021-02-21,15-24 anos,0
2021-02-22,15-24 anos,2
2021-02-23,15-24 anos,1
2021-02-24,15-24 anos,1
2021-02-25,15-24 anos,1
2021-02-26,15-24 anos,0
2021-02-27,15-24 anos,0
2021-02-28,15-24 anos,1
2021-03-01,15-24 anos,3
2021-03-02,15-24 anos,1
2021-03-03,15-24 anos,1
2021-03-04,15-24 anos,0
2021-03-05,15-24 anos,0
2021-03-06,15-24 anos,1
2021-03-07,15-24 anos,1
2021-03-08,15-24 anos,0
2021-03-09,15-24 anos,1
2021-03-10,15-24 anos,0
2021-03-11,15-24 anos,1
2021-03-12,15-24 anos,0
2021-03-13,15-24 anos,0
2021-03-14,15-24 anos,0
2021-03-15,15-24 anos,0
2021-03-16,15-24 anos,2
2021-03-17,15-24 anos,0
2021-03-18,15-24 anos,3
2021-03-19,15-24 anos,1
2021-03-20,15-24 anos,0
2021-03-21,15-24 anos,1
2021-03-22,15-24 anos,1
2021-03-23,15-24 anos,2
2021-03-24,15-24 anos,0
2021-03-25,15-24 anos,1
2021-03-26,15-24 anos,1
2021-03-27,15-24 anos,1
2021-03-28,15-24 anos,0
2021-03-29,15-24 anos,1
2021-03-30,15-24 anos,1
2021-03-31,15-24 anos,0
2021-04-01,15-24 anos,1
2021-04-02,15-24 anos,0
2021-04-03,15-24 anos,0
2021-04-04,15-24 anos,0
2021-04-05,15-24 anos,0
2021-04-06,15-24 anos,0
2021-04-07,15-24 anos,0
2021-04-08,15-24 anos,0
2021-04-09,15-24 anos,0
2021-04-10,15-24 anos,1
2021-04-11,15-24 anos,0
2021-04-12,15-24 anos,0
2021-04-13,15-24 anos,0
2021-04-14,15-24 anos,0
2021-04-15,15-24 anos,1
2021-04-16,15-24 anos,2
2021-04-17,15-24 anos,0
2021-04-18,15-24 anos,1
2021-04-19,15-24 anos,1
2021-04-20,15-24 anos,1
2021-04-21,15-24 anos,2
2021-04-22,15-24 anos,1
2021-04-23,15-24 anos,0
2021-04-24,15-24 anos,0
2021-04-25,15-24 anos,0
2021-04-26,15-24 anos,0
2021-04-27,15-24 anos,1
2021-04-28,15-24 anos,0
2021-04-29,15-24 anos,0
2021-04-30,15-24 anos,0
2021-05-01,15-24 anos,0
2021-05-02,15-24 anos,0
2021-05-03,15-24 anos,3
2021-05-04,15-24 anos,1
2021-05-05,15-24 anos,0
2021-05-06,15-24 anos,0
2021-05-07,15-24 anos,0
2021-05-08,15-24 anos,2
2021-05-09,15-24 anos,2
2021-05-10,15-24 anos,1
2021-05-11,15-24 anos,0
2021-05-12,15-24 anos,0
2021-05-13,15-24 anos,0
2021-05-14,15-24 anos,1
2021-05-15,15-24 anos,0
2021-05-16,15-24 anos,0
2021-05-17,15-24 anos,1
2021-05-18,15-24 anos,0
2021-05-19,15-24 anos,0
2021-05-20,15-24 anos,1
2021-05-21,15-24 anos,1
2021-05-22,15-24 anos,2
2021-05-23,15-24 anos,1
2021-05-24,15-24 anos,2
2021-05-25,15-24 anos,2
2021-05-26,15-24 anos,0
2021-05-27,15-24 anos,0
2021-05-28,15-24 anos,2
2021-05-29,15-24 anos,1
2021-05-30,15-24 anos,0
2021-05-31,15-24 anos,1
2021-06-01,15-24 anos,2
2021-06-02,15-24 anos,0
2021-06-03,15-24 anos,2
2021-06-04,15-24 anos,0
2021-06-05,15-24 anos,0
2021-06-06,15-24 anos,1
2021-06-07,15-24 anos,1
2021-06-08,15-24 anos,0
2021-06-09,15-24 anos,1
2021-06-10,15-24 anos,2
2021-06-11,15-24 anos,1
2021-06-12,15-24 anos,1
2021-06-13,15-24 anos,1
2021-06-14,15-24 anos,0
2021-06-15,15-24 anos,1
2021-06-16,15-24 anos,0
2021-06-17,15-24 anos,0
2021-06-18,15-24 anos,1
2021-06-19,15-24 anos,1
2021-06-20,15-24 anos,2
2021-06-21,15-24 anos,1
2021-06-22,15-24 anos,0
2021-06-23,15-24 anos,1
2021-06-24,15-24 anos,2
2021-06-25,15-24 anos,3
2021-06-26,15-24 anos,1
2021-06-27,15-24 anos,2
2021-06-28,15-24 anos,0
2021-06-29,15-24 anos,1
2021-06-30,15-24 anos,2
2021-07-01,15-24 anos,0
2021-07-02,15-24 anos,0
2021-01-01,25-34 anos,3
2021-01-02,25-34 anos,1
2021-01-03,25-34 anos,2
2021-01-04,25-34 anos,2
2021-01-05,25-34 anos,2
2021-01-06,25-34 anos,1
2021-01-07,25-34 anos,3
2021-01-08,25-34 anos,1
2021-01-09,25-34 anos,1
2021-01-10,25-34 anos,2
2021-01-11,25-34 anos,1
2021-01-12,25-34 anos,2
2021-01-13,25-34 anos,2
2021-01-14,25-34 anos,7
2021-01-15,25-34 anos,1
2021-01-16,25-34 anos,5
2021-01-17,25-34 anos,2
2021-01-18,25-34 anos,1
2021-01-19,25-34 anos,2
2021-01-20,25-34 anos,1
2021-01-21,25-34 anos,4
2021-01-22,25-34 anos,1
2021-01-23,25-34 anos,1
2021-01-24,25-34 anos,0
2021-01-25,25-34 anos,3
2021-01-26,25-34 anos,2
2021-01-27,25-34 anos,2
2021-01-28,25-34 anos,2
2021-01-29,25-34 anos,2
2021-01-30,25-34 anos,3
2021-01-31,25-34 anos,2
2021-02-01,25-34 anos,3
2021-02-02,25-34 anos,0
2021-02-03,25-34 anos,4
2021-02-04,25-34 anos,3
2021-02-05,25-34 anos,3
2021-02-06,25-34 anos,1
2021-02-07,25-34 anos,0
2021-02-08,25-34 anos,2
2021-02-09,25-34 anos,2
2021-02-10,25-34 anos,1
2021-02-11,25-34 anos,0
2021-02-12,25-34 anos,2
2021-02-13,25-34 anos,2
2021-02-14,25-34 anos,2
2021-02-15,25-34 anos,3
2021-02-16,25-34 anos,0
2021-02-17,25-34 anos,0
2021-02-18,25-34 anos,2
2021-02-19,25-34 anos,1
2021-02-20,25-34 anos,0
2021-02-21,25-34 anos,3
2021-02-22,25-34 anos,1
2021-02-23,25-34 anos,1
2021-02-24,25-34 anos,1
2021-02-25,25-34 anos,1
2021-02-26,25-34 anos,2
2021-02-27,25-34 anos,1
2021-02-28,25-34 anos,3
2021-03-01,25-34 anos,0
2021-03-02,25-34 anos,1
2021-03-03,25-34 anos,2
2021-03-04,25-34 anos,2
2021-03-05,25-34 anos,2
2021-03-06,25-34 anos,2
2021-03-07,25-34 anos,3
2021-03-08,25-34 anos,4
2021-03-09,25-34 anos,1
2021-03-10,25-34 anos,0
2021-03-11,25-34 anos,1
2021-03-12,25-34 anos,2
2021-03-13,25-34 anos,1
2021-03-14,25-34 anos,0
2021-03-15,25-34 anos,1
2021-03-16,25-34 anos,2
2021-03-17,25-34 anos,2
2021-03-18,25-34 anos,1
2021-03-19,25-34 anos,0
2021-03-20,25-34 anos,1
2021-03-21,25-34 anos,0
2021-03-22,25-34 anos,1
2021-03-23,25-34 anos,0
2021-03-24,25-34 anos,2
2021-03-25,25-34 anos,1
2021-03-26,25-34 anos,1
2021-03-27,25-34 anos,2
2021-03-28,25-34 anos,0
2021-03-29,25-34 anos,1
2021-03-30,25-34 anos,3
2021-03-31,25-34 anos,0
2021-04-01,25-34 anos,1
2021-04-02,25-34 anos,1
2021-04-03,25-34 anos,0
2021-04-04,25-34 anos,2
2021-04-05,25-34 anos,4
2021-04-06,25-34 anos,1
2021-04-07,25-34 anos,0
2021-04-08,25-34 anos,2
2021-04-09,25-34 anos,0
2021-04-10,25-34 anos,1
2021-04-11,25-34 anos,0
2021-04-12,25-34 anos,2
2021-04-13,25-34 anos,3
2021-04-14,25-34 anos,1
2021-04-15,25-34 anos,1
2021-04-16,25-34 anos,1
2021-04-17,25-34 anos,2
2021-04-18,25-34 anos,0
2021-04-19,25-34 anos,1
2021-04-20,25-34 anos,1
2021-04-21,25-34 anos,2
2021-04-22,25-34 anos,0
2021-04-23,25-34 anos,2
2021-04-24,25-34 anos,1
2021-04-25,25-34 anos,1
2021-04-26,25-34 anos,0
2021-04-27,25-34 anos,0
2021-04-28,25-34 anos,1
2021-04-29,25-34 anos,0
2021-04-30,25-34 anos,0
2021-05-01,25-34 anos,2
2021-05-02,25-34 anos,2
2021-05-03,25-34 anos,2
2021-05-04,25-34 anos,2
2021-05-05,25-34 anos,3
2021-05-06,25-34 anos,0
2021-05-07,25-34 anos,0
2021-05-08,25-34 anos,1
2021-05-09,25-34 anos,1
2021-05-10,25-34 anos,3
2021-05-11,25-34 anos,1
2021-05-12,25-34 anos,0
2021-05-13,25-34 anos,1
2021-05-14,25-34 anos,2
2021-05-15,25-34 anos,2
2021-05-16,25-34 anos,1
2021-05-17,25-34 anos,2
2021-05-18,25-34 anos,2
2021-05-19,25-34 anos,1
2021-05-20,25-34 anos,0
2021-05-21,25-34 anos,1
2021-05-22,25-34 anos,4
2021-05-23,25-34 anos,1
2021-05-24,25-34 anos,0
2021-05-25,25-34 anos,1
2021-05-26,25-34 anos,0
2021-05-27,25-34 anos,3
2021-05-28,25-34 anos,3
2021-05-29,25-34 anos,2
2021-05-30,25-34 anos,2
2021-05-31,25-34 anos,4
2021-06-01,25-34 anos,1
2021-06-02,25-34 anos,1
2021-06-03,25-34 anos,4
2021-06-04,25-34 anos,0
2021-06-05,25-34 anos,2
2021-06-06,25-34 anos,2
2021-06-07,25-34 anos,0
2021-06-08,25-34 anos,1
2021-06-09,25-34 anos,4
2021-06-10,25-34 anos,3
2021-06-11,25-34 anos,1
2021-06-12,25-34 anos,0
2021-06-13,25-34 anos,1
2021-06-14,25-34 anos,1
2021-06-15,25-34 anos,0
2021-06-16,25-34 anos,2
2021-06-17,25-34 anos,2
2021-06-18,25-34 anos,1
2021-06-19,25-34 anos,1
2021-06-20,25-34 anos,1
2021-06-21,25-34 anos,2
2021-06-22,25-34 anos,2
2021-06-23,25-34 anos,1
2021-06-24,25-34 anos,1
2021-06-25,25-34 anos,2
2021-06-26,25-34 anos,2
2021-06-27,25-34 anos,1
2021-06-28,25-34 anos,1
2021-06-29,25-34 anos,0
2021-06-30,25-34 anos,1
2021-07-01,25-34 anos,2
2021-07-02,25-34 anos,1
2021-01-01,35-44 anos,2
2021-01-02,35-44 anos,7
2021-01-03,35-44 anos,1
2021-01-04,35-44 anos,7
2021-01-05,35-44 anos,1
2021-01-06,35-44 anos,3
2021-01-07,35-44 anos,6
2021-01-08,35-44 anos,6
2021-01-09,35-44 anos,2
2021-01-10,35-44 anos,6
2021-01-11,35-44 anos,2
2021-01-12,35-44 anos,6
2021-01-13,35-44 anos,3
2021-01-14,35-44 anos,8
2021-01-15,35-44 anos,8
2021-01-16,35-44 anos,6
2021-01-17,35-44 anos,9
2021-01-18,35-44 anos,2
2021-01-19,35-44 anos,6
2021-01-20,35-44 anos,7
2021-01-21,35-44 anos,7
2021-01-22,35-44 anos,11
2021-01-23,35-44 anos,11
2021-01-24,35-44 anos,3
2021-01-25,35-44 anos,4
2021-01-26,35-44 anos,5
2021-01-27,35-44 anos,8
2021-01-28,35-44 anos,6
2021-01-29,35-44 anos,5
2021-01-30,35-44 anos,6
2021-01-31,35-44 anos,6
2021-02-01,35-44 anos,10
2021-02-02,35-44 anos,5
2021-02-03,35-44 anos,7
2021-02-04,35-44 anos,6
2021-02-05,35-44 anos,6
2021-02-06,35-44 anos,3
2021-02-07,35-44 anos,5
2021-02-08,35-44 anos,6
2021-02-09,35-44 anos,2
2021-02-10,35-44 anos,5
2021-02-11,35-44 anos,6
2021-02-12,35-44 anos,4
2021-02-13,35-44 anos,0
2021-02-14,35-44 anos,4
2021-02-15,35-44 anos,0
2021-02-16,35-44 anos,2
2021-02-17,35-44 anos,2
2021-02-18,35-44 anos,6
2021-02-19,35-44 anos,5
2021-02-20,35-44 anos,4
2021-02-21,35-44 anos,3
2021-02-22,35-44 anos,3
2021-02-23,35-44 anos,1
2021-02-24,35-44 anos,3
2021-02-25,35-44 anos,4
2021-02-26,35-44 anos,5
2021-02-27,35-44 anos,1
2021-02-28,35-44 anos,4
2021-03-01,35-44 anos,3
2021-03-02,35-44 anos,8
2021-03-03,35-44 anos,4
2021-03-04,35-44 anos,5
2021-03-05,35-44 anos,4
2021-03-06,35-44 anos,5
2021-03-07,35-44 anos,3
2021-03-08,35-44 anos,4
2021-03-09,35-44 anos,1
2021-03-10,35-44 anos,4
2021-03-11,35-44 anos,4
2021-03-12,35-44 anos,4
2021-03-13,35-44 anos,4
2021-03-14,35-44 anos,4
2021-03-15,35-44 anos,4
2021-03-16,35-44 anos,1
2021-03-17,35-44 anos,1
2021-03-18,35-44 anos,6
2021-03-19,35-44 anos,2
2021-03-20,35-44 anos,2
2021-03-21,35-44 anos,3
2021-03-22,35-44 anos,3
2021-03-23,35-44 anos,5
2021-03-24,35-44 anos,2
2021-03-25,35-44 anos,3
2021-03-26,35-44 anos,4
2021-03-27,35-44 anos,3
2021-03-28,35-44 anos,3
2021-03-29,35-44 anos,4
2021-03-30,35-44 anos,2
2021-03-31,35-44 anos,2
2021-04-01,35-44 anos,4
2021-04-02,35-44 anos,7
2021-04-03,35-44 anos,5
2021-04-04,35-44 anos,3
2021-04-05,35-44 anos,4
2021-04-06,35-44 anos,5
2021-04-07,35-44 anos,5
2021-04-08,35-44 anos,1
2021-04-09,35-44 anos,5
2021-04-10,35-44 anos,3
2021-04-11,35-44 anos,10
2021-04-12,35-44 anos,3
2021-04-13,35-44 anos,7
2021-04-14,35-44 anos,2
2021-04-15,35-44 anos,2
2021-04-16,35-44 anos,4
2021-04-17,35-44 anos,3
2021-04-18,35-44 anos,3
2021-04-19,35-44 anos,2
2021-04-20,35-44 anos,5
2021-04-21,35-44 anos,2
2021-04-22,35-44 anos,0
2021-04-23,35-44 anos,4
2021-04-24,35-44 anos,2
2021-04-25,35-44 anos,2
2021-04-26,35-44 anos,1
2021-04-27,35-44 anos,1
2021-04-28,35-44 anos,2
2021-04-29,35-44 anos,3
2021-04-30,35-44 anos,2
2021-05-01,35-44 anos,1
2021-05-02,35-44 anos,3
2021-05-03,35-44 anos,2
2021-05-04,35-44 anos,6
2021-05-05,35-44 anos,5
2021-05-06,35-44 anos,3
2021-05-07,35-44 anos,5
2021-05-08,35-44 anos,6
2021-05-09,35-44 anos,3
2021-05-10,35-44 anos,2
2021-05-11,35-44 anos,3
2021-05-12,35-44 anos,11
2021-05-13,35-44 anos,2
2021-05-14,35-44 anos,5
2021-05-15,35-44 anos,3
2021-05-16,35-44 anos,7
2021-05-17,35-44 anos,4
2021-05-18,35-44 anos,2
2021-05-19,35-44 anos,7
2021-05-20,35-44 anos,4
2021-05-21,35-44 anos,2
2021-05-22,35-44 anos,2
2021-05-23,35-44 anos,3
2021-05-24,35-44 anos,5
2021-05-25,35-44 anos,3
2021-05-26,35-44 anos,6
2021-05-27,35-44 anos,2
2021-05-28,35-44 anos,5
2021-05-29,35-44 anos,5
2021-05-30,35-44 anos,2
2021-05-31,35-44 anos,5
2021-06-01,35-44 anos,3
2021-06-02,35-44 anos,6
2021-06-03,35-44 anos,2
2021-06-04,35-44 anos,1
2021-06-05,35-44 anos,3
2021-06-06,35-44 anos,0
2021-06-07,35-44 anos,4
2021-06-08,35-44 anos,1
2021-06-09,35-44 anos,4
2021-06-10,35-44 anos,5
2021-06-11,35-44 anos,4
2021-06-12,35-44 anos,7
2021-06-13,35-44 anos,7
2021-06-14,35-44 anos,5
2021-06-15,35-44 anos,5
2021-06-16,35-44 anos,5
2021-06-17,35-44 anos,4
2021-06-18,35-44 anos,6
2021-06-19,35-44 anos,3
2021-06-20,35-44 anos,1
2021-06-21,35-44 anos,5
2021-06-22,35-44 anos,1
2021-06-23,35-44 anos,3
2021-06-24,35-44 anos,0
2021-06-25,35-44 anos,6
2021-06-26,35-44 anos,4
2021-06-27,35-44 anos,4
2021-06-28,35-44 anos,2
2021-06-29,35-44 anos,3
2021-06-30,35-44 anos,1
2021-07-01,35-44 anos,3
2021-07-02,35-44 anos,3
2021-01-01,45-54 anos,20
2021-01-02,45-54 anos,21
2021-01-03,45-54 anos,16
2021-01-04,45-54 anos,21
2021-01-05,45-54 anos,18
2021-01-06,45-54 anos,21
2021-01-07,45-54 anos,18
2021-01-08,45-54 anos,30
2021-01-09,45-54 anos,15
2021-01-10,45-54 anos,17
2021-01-11,45-54 anos,10
2021-01-12,45-54 anos,19
2021-01-13,45-54 anos,16
2021-01-14,45-54 anos,26
2021-01-15,45-54 anos,25
2021-01-16,45-54 anos,10
2021-01-17,45-54 anos,9
2021-01-18,45-54 anos,27
2021-01-19,45-54 anos,22
2021-01-20,45-54 anos,21
2021-01-21,45-54 anos,20
2021-01-22,45-54 anos,17
2021-01-23,45-54 anos,15
2021-01-24,45-54 anos,18
2021-01-25,45-54 anos,17
2021-01-26,45-54 anos,16
2021-01-27,45-54 anos,17
2021-01-28,45-54 anos,23
2021-01-29,45-54 anos,12
2021-01-30,45-54 anos,17
2021-01-31,45-54 anos,18
2021-02-01,45-54 anos,19
2021-02-02,45-54 anos,17
2021-02-03,45-54 anos,17
2021-02-04,45-54 anos,10
2021-02-05,45-54 anos,15
2021-02-06,45-54 anos,10
2021-02-07,45-54 anos,17
2021-02-08,45-54 anos,20
2021-02-09,45-54 anos,15
2021-02-10,45-54 anos,12
2021-02-11,45-54 anos,11
2021-02-12,45-54 anos,13
2021-02-13,45-54 anos,10
2021-02-14,45-54 anos,10
2021-02-15,45-54 anos,19
2021-02-16,45-54 anos,15
2021-02-17,45-54 anos,16
2021-02-18,45-54 anos,12
2021-02-19,45-54 anos,10
2021-02-20,45-54 anos,11
2021-02-21,45-54 anos,17
2021-02-22,45-54 anos,14
2021-02-23,45-54 anos,11
2021-02-24,45-54 anos,6
2021-02-25,45-54 anos,16
2021-02-26,45-54 anos,9
2021-02-27,45-54 anos,10
2021-02-28,45-54 anos,10
2021-03-01,45-54 anos,9
2021-03-02,45-54 anos,18
2021-03-03,45-54 anos,11
2021-03-04,45-54 anos,8
2021-03-05,45-54 anos,19
2021-03-06,45-54 anos,15
2021-03-07,45-54 anos,9
2021-03-08,45-54 anos,11
2021-03-09,45-54 anos,7
2021-03-10,45-54 anos,4
2021-03-11,45-54 anos,7
2021-03-12,45-54 anos,12
2021-03-13,45-54 anos,13
2021-03-14,45-54 anos,9
2021-03-15,45-54 anos,19
2021-03-16,45-54 anos,12
2021-03-17,45-54 anos,10
2021-03-18,45-54 anos,13
2021-03-19,45-54 anos,12
2021-03-20,45-54 anos,6
2021-03-21,45-54 anos,12
2021-03-22,45-54 anos,15
2021-03-23,45-54 anos,15
2021-03-24,45-54 anos,13
2021-03-25,45-54 anos,12
2021-03-26,45-54 anos,16
2021-03-27,45-54 anos,10
2021-03-28,45-54 anos,14
2021-03-29,45-54 anos,9
2021-03-30,45-54 anos,13
2021-03-31,45-54 anos,9
2021-04-01,45-54 anos,2
2021-04-02,45-54 anos,12
2021-04-03,45-54 anos,18
2021-04-04,45-54 anos,8
2021-04-05,45-54 anos,9
2021-04-06,45-54 anos,11
2021-04-07,45-54 anos,9
2021-04-08,45-54 anos,12
2021-04-09,45-54 anos,10
2021-04-10,45-54 anos,13
2021-04-11,45-54 anos,10
2021-04-12,45-54 anos,12
2021-04-13,45-54 anos,7
2021-04-14,45-54 anos,14
2021-04-15,45-54 anos,9
2021-04-16,45-54 anos,14
2021-04-17,45-54 anos,16
2021-04-18,45-54 anos,10
2021-04-19,45-54 anos,9
2021-04-20,45-54 anos,10
2021-04-21,45-54 anos,11
2021-04-22,45-54 anos,14
2021-04-23,45-54 anos,14
2021-04-24,45-54 anos,11
2021-04-25,45-54 anos,10
2021-04-26,45-54 anos,10
2021-04-27,45-54 anos,6
2021-04-28,45-54 anos,12
2021-04-29,45-54 anos,11
2021-04-30,45-54 anos,15
2021-05-01,45-54 anos,10
2021-05-02,45-54 anos,12
2021-05-03,45-54 anos,11
2021-05-04,45-54 anos,9
2021-05-05,45-54 anos,15
2021-05-06,45-54 anos,11
2021-05-07,45-54 anos,8
2021-05-08,45-54 anos,14
2021-05-09,45-54 anos,13
2021-05-10,45-54 anos,7
2021-05-11,45-54 anos,11
2021-05-12,45-54 anos,11
2021-05-13,45-54 anos,13
2021-05-14,45-54 anos,14
2021-05-15,45-54 anos,9
2021-05-16,45-54 anos,18
2021-05-17,45-54 anos,10
2021-05-18,45-54 anos,10
2021-05-19,45-54 anos,9
2021-05-20,45-54 anos,16
2021-05-21,45-54 anos,10
2021-05-22,45-54 anos,8
2021-05-23,45-54 anos,15
2021-05-24,45-54 anos,8
2021-05-25,45-54 anos,12
2021-05-26,45-54 anos,7
2021-05-27,45-54 anos,10
2021-05-28,45-54 anos,17
2021-05-29,45-54 anos,17
2021-05-30,45-54 anos,15
2021-05-31,45-54 anos,17
2021-06-01,45-54 anos,7
2021-06-02,45-54 anos,23
2021-06-03,45-54 anos,13
2021-06-04,45-54 anos,11
2021-06-05,45-54 anos,10
2021-06-06,45-54 anos,11
2021-06-07,45-54 anos,9
2021-06-08,45-54 anos,8
2021-06-09,45-54 anos,11
2021-06-10,45-54 anos,14
2021-06-11,45-54 anos,10
2021-06-12,45-54 anos,8
2021-06-13,45-54 anos,15
2021-06-14,45-54 anos,18
2021-06-15,45-54 anos,12
2021-06-16,45-54 anos,13
2021-06-17,45-54 anos,18
2021-06-18,45-54 anos,11
2021-06-19,45-54 anos,13
2021-06-20,45-54 anos,11
2021-06-21,45-54 anos,14
2021-06-22,45-54 anos,9
2021-06-23,45-54 anos,9
2021-06-24,45-54 anos,14
2021-06-25,45-54 anos,8
2021-06-26,45-54 anos,8
2021-06-27,45-54 anos,14
2021-06-28,45-54 anos,5
2021-06-29,45-54 anos,15
2021-06-30,45-54 anos,16
2021-07-01,45-54 anos,12
2021-07-02,45-54 anos,7
2021-01-01,55-64 anos,38
2021-01-02,55-64 anos,26
2021-01-03,55-64 anos,55
2021-01-04,55-64 anos,37
2021-01-05,55-64 anos,33
2021-01-06,55-64 anos,42
2021-01-07,55-64 anos,37
2021-01-08,55-64 anos,39
2021-01-09,55-64 anos,34
2021-01-10,55-64 anos,41
2021-01-11,55-64 anos,57
2021-01-12,55-64 anos,45
2021-01-13,55-64 anos,47
2021-01-14,55-64 anos,47
2021-01-15,55-64 anos,51
2021-01-16,55-64 anos,44
2021-01-17,55-64 anos,47
2021-01-18,55-64 anos,37
2021-01-19,55-64 anos,58
2021-01-20,55-64 anos,53
2021-01-21,55-64 anos,36
2021-01-22,55-64 anos,46
2021-01-23,55-64 anos,29
2021-01-24,55-64 anos,46
2021-01-25,55-64 anos,46
2021-01-26,55-64 anos,36
2021-01-27,55-64 anos,30
2021-01-28,55-64 anos,47
2021-01-29,55-64 anos,32
2021-01-30,55-64 anos,39
2021-01-31,55-64 anos,31
2021-02-01,55-64 anos,35
2021-02-02,55-64 anos,44
2021-02-03,55-64 anos,34
2021-02-04,55-64 anos,34
2021-02-05,55-64 anos,46
2021-02-06,55-64 anos,29
2021-02-07,55-64 anos,37
2021-02-08,55-64 anos,34
2021-02-09,55-64 anos,23
2021-02-10,55-64 anos,38
2021-02-11,55-64 anos,40
2021-02-12,55-64 anos,39
2021-02-13,55-64 anos,29
2021-02-14,55-64 anos,24
2021-02-15,55-64 anos,34
2021-02-16,55-64 anos,44
2021-02-17,55-64 anos,32
2021-02-18,55-64 anos,31
2021-02-19,55-64 anos,23
2021-02-20,55-64 anos,32
2021-02-21,55-64 anos,31
2021-02-22,55-64 anos,25
2021-02-23,55-64 anos,31
2021-02-24,55-64 anos,20
2021-02-25,55-64 anos,26
2021-02-26,55-64 anos,24
2021-02-27,55-64 anos,47
2021-02-28,55-64 anos,29
2021-03-01,55-64 anos,23
2021-03-02,55-64 anos,29
2021-03-03,55-64 anos,30
2021-03-04,55-64 anos,27
2021-03-05,55-64 anos,22
2021-03-06,55-64 anos,29
2021-03-07,55-64 anos,26
2021-03-08,55-64 anos,27
2021-03-09,55-64 anos,29
2021-03-10,55-64 anos,31
2021-03-11,55-64 anos,26
2021-03-12,55-64 anos,19
2021-03-13,55-64 anos,21
2021-03-14,55-64 anos,16
2021-03-15,55-64 anos,23
2021-03-16,55-64 anos,45
2021-03-17,55-64 anos,28
2021-03-18,55-64 anos,28
2021-03-19,55-64 anos,30
2021-03-20,55-64 anos,16
2021-03-21,55-64 anos,21
2021-03-22,55-64 anos,23
2021-03-23,55-64 anos,18
2021-03-24,55-64 anos,19
2021-03-25,55-64 anos,23
2021-03-26,55-64 anos,26
2021-03-27,55-64 anos,26
2021-03-28,55-64 anos,23
2021-03-29,55-64 anos,30
2021-03-30,55-64 anos,23
2021-03-31,55-64 anos,27
2021-04-01,55-64 anos,27
2021-04-02,55-64 anos,22
2021-04-03,55-64 anos,24
2021-04-04,55-64 anos,26
2021-04-05,55-64 anos,31
2021-04-06,55-64 anos,33
2021-04-07,55-64 anos,24
2021-04-08,55-64 anos,30
2021-04-09,55-64 anos,23
2021-04-10,55-64 anos,28
2021-04-11,55-64 anos,23
2021-04-12,55-64 anos,17
2021-04-13,55-64 anos,28
2021-04-14,55-64 anos,27
2021-04-15,55-64 anos,24
2021-04-16,55-64 anos,18
2021-04-17,55-64 anos,19
2021-04-18,55-64 anos,20
2021-04-19,55-64 anos,28
2021-04-20,55-64 anos,23
2021-04-21,55-64 anos,26
2021-04-22,55-64 anos,24
2021-04-23,55-64 anos,17
2021-04-24,55-64 anos,25
2021-04-25,55-64 anos,21
2021-04-26,55-64 anos,21
2021-04-27,55-64 anos,28
2021-04-28,55-64 anos,27
2021-04-29,55-64 anos,20
2021-04-30,55-64 anos,27
2021-05-01,55-64 anos,19
2021-05-02,55-64 anos,29
2021-05-03,55-64 anos,18
2021-05-04,55-64 anos,24
2021-05-05,55-64 anos,26
2021-05-06,55-64 anos,20
2021-05-07,55-64 anos,25
2021-05-08,55-64 anos,28
2021-05-09,55-64 anos,28
2021-05-10,55-64 anos,25
2021-05-11,55-64 anos,19
2021-05-12,55-64 anos,25
2021-05-13,55-64 anos,26
2021-05-14,55-64 anos,22
2021-05-15,55-64 anos,24
2021-05-16,55-64 anos,30
2021-05-17,55-64 anos,18
2021-05-18,55-64 anos,25
2021-05-19,55-64 anos,16
2021-05-20,55-64 anos,27
2021-05-21,55-64 anos,18
2021-05-22,55-64 anos,14
2021-05-23,55-64 anos,20
2021-05-24,55-64 anos,29
2021-05-25,55-64 anos,32
2021-05-26,55-64 anos,33
2021-05-27,55-64 anos,17
2021-05-28,55-64 anos,27
2021-05-29,55-64 anos,25
2021-05-30,55-64 anos,30
2021-05-31,55-64 anos,27
2021-06-01,55-64 anos,34
2021-06-02,55-64 anos,19
2021-06-03,55-64 anos,25
2021-06-04,55-64 anos,31
2021-06-05,55-64 anos,18
2021-06-06,55-64 anos,27
2021-06-07,55-64 anos,21
2021-06-08,55-64 anos,25
2021-06-09,55-64 anos,26
2021-06-10,55-64 anos,24
2021-06-11,55-64 anos,20
2021-06-12,55-64 anos,15
2021-06-13,55-64 anos,21
2021-06-14,55-64 anos,15
2021-06-15,55-64 anos,33
2021-06-16,55-64 anos,29
2021-06-17,55-64 anos,33
2021-06-18,55-64 anos,22
2021-06-19,55-64 anos,22
2021-06-20,55-64 anos,21
2021-06-21,55-64 anos,29
2021-06-22,55-64 anos,30
2021-06-23,55-64 anos,21
2021-06-24,55-64 anos,23
2021-06-25,55-64 anos,25
2021-06-26,55-64 anos,28
2021-06-27,55-64 anos,26
2021-06-28,55-64 anos,34
2021-06-29,55-64 anos,26
2021-06-30,55-64 anos,24
2021-07-01,55-64 anos,15
2021-07-02,55-64 anos,21
2021-01-01,65-74 anos,68
2021-01-02,65-74 anos,60
2021-01-03,65-74 anos,52
2021-01-04,65-74 anos,67
2021-01-05,65-74 anos,78
2021-01-06,65-74 anos,78
2021-01-07,65-74 anos,70
2021-01-08,65-74 anos,80
2021-01-09,65-74 anos,80
2021-01-10,65-74 anos,94
2021-01-11,65-74 anos,100
2021-01-12,65-74 anos,74
2021-01-13,65-74 anos,86
2021-01-14,65-74 anos,87
2021-01-15,65-74 anos,76
2021-01-16,65-74 anos,85
2021-01-17,65-74 anos,77
2021-01-18,65-74 anos,91
2021-01-19,65-74 anos,81
2021-01-20,65-74 anos,94
2021-01-21,65-74 anos,84
2021-01-22,65-74 anos,103
2021-01-23,65-74 anos,95
2021-01-24,65-74 anos,99
2021-01-25,65-74 anos,90
2021-01-26,65-74 anos,108
2021-01-27,65-74 anos,96
2021-01-28,65-74 anos,91
2021-01-29,65-74 anos,97
2021-01-30,65-74 anos,97
2021-01-31,65-74 anos,102
2021-02-01,65-74 anos,85
2021-02-02,65-74 anos,77
2021-02-03,65-74 anos,90
2021-02-04,65-74 anos,89
2021-02-05,65-74 anos,86
2021-02-06,65-74 anos,72
2021-02-07,65-74 anos,80
2021-02-08,65-74 anos,64
2021-02-09,65-74 anos,85
2021-02-10,65-74 anos,77
2021-02-11,65-74 anos,65
2021-02-12,65-74 anos,65
2021-02-13,65-74 anos,80
2021-02-14,65-74 anos,56
2021-02-15,65-74 anos,65
2021-02-16,65-74 anos,71
2021-02-17,65-74 anos,67
2021-02-18,65-74 anos,45
2021-02-19,65-74 anos,59
2021-02-20,65-74 anos,45
2021-02-21,65-74 anos,48
2021-02-22,65-74 anos,53
2021-02-23,65-74 anos,59
2021-02-24,65-74 anos,57
2021-02-25,65-74 anos,61
2021-02-26,65-74 anos,54
2021-02-27,65-74 anos,47
2021-02-28,65-74 anos,60
2021-03-01,65-74 anos,56
2021-03-02,65-74 anos,54
2021-03-03,65-74 anos,55
2021-03-04,65-74 anos,53
2021-03-05,65-74 anos,52
2021-03-06,65-74 anos,54
2021-03-07,65-74 anos,55
2021-03-08,65-74 anos,57
2021-03-09,65-74 anos,50
2021-03-10,65-74 anos,60
2021-03-11,65-74 anos,44
2021-03-12,65-74 anos,47
2021-03-13,65-74 anos,49
2021-03-14,65-74 anos,50
2021-03-15,65-74 anos,49
2021-03-16,65-74 anos,47
2021-03-17,65-74 anos,53
2021-03-18,65-74 anos,40
2021-03-19,65-74 anos,49
2021-03-20,65-74 anos,41
2021-03-21,65-74 anos,46
2021-03-22,65-74 anos,37
2021-03-23,65-74 anos,46
2021-03-24,65-74 anos,52
2021-03-25,65-74 anos,30
2021-03-26,65-74 anos,59
2021-03-27,65-74 anos,32
2021-03-28,65-74 anos,33
2021-03-29,65-74 anos,48
2021-03-30,65-74 anos,50
2021-03-31,65-74 anos,56
2021-04-01,65-74 anos,34
2021-04-02,65-74 anos,35
2021-04-03,65-74 anos,33
2021-04-04,65-74 anos,44
2021-04-05,65-74 anos,50
2021-04-06,65-74 anos,57
2021-04-07,65-74 anos,45
2021-04-08,65-74 anos,44
2021-04-09,65-74 anos,49
2021-04-10,65-74 anos,43
2021-04-11,65-74 anos,44
2021-04-12,65-74 anos,55
2021-04-13,65-74 anos,38
2021-04-14,65-74 anos,50
2021-04-15,65-74 anos,49
2021-04-16,65-74 anos,53
2021-04-17,65-74 anos,38
2021-04-18,65-74 anos,35
2021-04-19,65-74 anos,37
2021-04-20,65-74 anos,47
2021-04-21,65-74 anos,35
2021-04-22,65-74 anos,43
2021-04-23,65-74 anos,54
2021-04-24,65-74 anos,42
2021-04-25,65-74 anos,41
2021-04-26,65-74 anos,51
2021-04-27,65-74 anos,49
2021-04-28,65-74 anos,46
2021-04-29,65-74 anos,56
2021-04-30,65-74 anos,39
2021-05-01,65-74 anos,36
2021-05-02,65-74 anos,42
2021-05-03,65-74 anos,38
2021-05-04,65-74 anos,48
2021-05-05,65-74 anos,55
2021-05-06,65-74 anos,40
2021-05-07,65-74 anos,42
2021-05-08,65-74 anos,47
2021-05-09,65-74 anos,43
2021-05-10,65-74 anos,36
2021-05-11,65-74 anos,40
2021-05-12,65-74 anos,39
2021-05-13,65-74 anos,57
2021-05-14,65-74 anos,47
2021-05-15,65-74 anos,52
2021-05-16,65-74 anos,34
2021-05-17,65-74 anos,35
2021-05-18,65-74 anos,37
2021-05-19,65-74 anos,41
2021-05-20,65-74 anos,48
2021-05-21,65-74 anos,39
2021-05-22,65-74 anos,39
2021-05-23,65-74 anos,39
2021-05-24,65-74 anos,43
2021-05-25,65-74 anos,51
2021-05-26,65-74 anos,41
2021-05-27,65-74 anos,51
2021-05-28,65-74 anos,52
2021-05-29,65-74 anos,42
2021-05-30,65-74 anos,38
2021-05-31,65-74 anos,38
2021-06-01,65-74 anos,39
2021-06-02,65-74 anos,45
2021-06-03,65-74 anos,36
2021-06-04,65-74 anos,36
2021-06-05,65-74 anos,30
2021-06-06,65-74 anos,39
2021-06-07,65-74 anos,32
2021-06-08,65-74 anos,49
2021-06-09,65-74 anos,49
2021-06-10,65-74 anos,35
2021-06-11,65-74 anos,45
2021-06-12,65-74 anos,45
2021-06-13,65-74 anos,38
2021-06-14,65-74 anos,55
2021-06-15,65-74 anos,45
2021-06-16,65-74 anos,41
2021-06-17,65-74 anos,50
2021-06-18,65-74 anos,34
2021-06-19,65-74 anos,49
2021-06-20,65-74 anos,48
2021-06-21,65-74 anos,39
2021-06-22,65-74 anos,30
2021-06-23,65-74 anos,43
2021-06-24,65-74 anos,53
2021-06-25,65-74 anos,47
2021-06-26,65-74 anos,35
2021-06-27,65-74 anos,28
2021-06-28,65-74 anos,31
2021-06-29,65-74 anos,45
2021-06-30,65-74 anos,52
2021-07-01,65-74 anos,51
2021-07-02,65-74 anos,39
2021-01-01,75-84 anos,130
2021-01-02,75-84 anos,135
2021-01-03,75-84 anos,125
2021-01-04,75-84 anos,142
2021-01-05,75-84 anos,156
2021-01-06,75-84 anos,159
2021-01-07,75-84 anos,148
2021-01-08,75-84 anos,160
2021-01-09,75-84 anos,150
2021-01-10,75-84 anos,162
2021-01-11,75-84 anos,194
2021-01-12,75-84 anos,204
2021-01-13,75-84 anos,170
2021-01-14,75-84 anos,178
2021-01-15,75-84 anos,202
2021-01-16,75-84 anos,195
2021-01-17,75-84 anos,195
2021-01-18,75-84 anos,200
2021-01-19,75-84 anos,191
2021-01-20,75-84 anos,234
2021-01-21,75-84 anos,199
2021-01-22,75-84 anos,226
2021-01-23,75-84 anos,229
2021-01-24,75-84 anos,213
2021-01-25,75-84 anos,213
2021-01-26,75-84 anos,227
2021-01-27,75-84 anos,195
2021-01-28,75-84 anos,193
2021-01-29,75-84 anos,187
2021-01-30,75-84 anos,211
2021-01-31,75-84 anos,198
2021-02-01,75-84 anos,172
2021-02-02,75-84 anos,194
2021-02-03,75-84 anos,169
2021-02-04,75-84 anos,167
2021-02-05,75-84 anos,161
2021-02-06,75-84 anos,163
2021-02-07,75-84 anos,150
2021-02-08,75-84 anos,164
2021-02-09,75-84 anos,145
2021-02-10,75-84 anos,155
2021-02-11,75-84 anos,138
2021-02-12,75-84 anos,150
2021-02-13,75-84 anos,157
2021-02-14,75-84 anos,115
2021-02-15,75-84 anos,124
2021-02-16,75-84 anos,120
2021-02-17,75-84 anos,138
2021-02-18,75-84 anos,123
2021-02-19,75-84 anos,91
2021-02-20,75-84 anos,129
2021-02-21,75-84 anos,101
2021-02-22,75-84 anos,100
2021-02-23,75-84 anos,119
2021-02-24,75-84 anos,113
2021-02-25,75-84 anos,102
2021-02-26,75-84 anos,131
2021-02-27,75-84 anos,81
2021-02-28,75-84 anos,89
2021-03-01,75-84 anos,96
2021-03-02,75-84 anos,102
2021-03-03,75-84 anos,96
2021-03-04,75-84 anos,118
2021-03-05,75-84 anos,95
2021-03-06,75-84 anos,101
2021-03-07,75-84 anos,87
2021-03-08,75-84 anos,85
2021-03-09,75-84 anos,93
2021-03-10,75-84 anos,73
2021-03-11,75-84 anos,88
2021-03-12,75-84 anos,103
2021-03-13,75-84 anos,92
2021-03-14,75-84 anos,84
2021-03-15,75-84 anos,73
2021-03-16,75-84 anos,89
2021-03-17,75-84 anos,98
2021-03-18,75-84 anos,100
2021-03-19,75-84 anos,78
2021-03-20,75-84 anos,77
2021-03-21,75-84 anos,79
2021-03-22,75-84 anos,90
2021-03-23,75-84 anos,84
2021-03-24,75-84 anos,90
2021-03-25,75-84 anos,72
2021-03-26,75-84 anos,86
2021-03-27,75-84 anos,84
2021-03-28,75-84 anos,96
2021-03-29,75-84 anos,100
2021-03-30,75-84 anos,85
2021-03-31,75-84 anos,104
2021-04-01,75-84 anos,115
2021-04-02,75-84 anos,84
2021-04-03,75-84 anos,89
2021-04-04,75-84 anos,77
2021-04-05,75-84 anos,77
2021-04-06,75-84 anos,88
2021-04-07,75-84 anos,80
2021-04-08,75-84 anos,83
2021-04-09,75-84 anos,86
2021-04-10,75-84 anos,77
2021-04-11,75-84 anos,79
2021-04-12,75-84 anos,82
2021-04-13,75-84 anos,96
2021-04-14,75-84 anos,75
2021-04-15,75-84 anos,75
2021-04-16,75-84 anos,102
2021-04-17,75-84 anos,68
2021-04-18,75-84 anos,81
2021-04-19,75-84 anos,68
2021-04-20,75-84 anos,72
2021-04-21,75-84 anos,81
2021-04-22,75-84 anos,70
2021-04-23,75-84 anos,74
2021-04-24,75-84 anos,80
2021-04-25,75-84 anos,67
2021-04-26,75-84 anos,81
2021-04-27,75-84 anos,81
2021-04-28,75-84 anos,57
2021-04-29,75-84 anos,76
2021-04-30,75-84 anos,83
2021-05-01,75-84 anos,95
2021-05-02,75-84 anos,70
2021-05-03,75-84 anos,83
2021-05-04,75-84 anos,85
2021-05-05,75-84 anos,80
2021-05-06,75-84 anos,81
2021-05-07,75-84 anos,81
2021-05-08,75-84 anos,77
2021-05-09,75-84 anos,90
2021-05-10,75-84 anos,65
2021-05-11,75-84 anos,66
2021-05-12,75-84 anos,76
2021-05-13,75-84 anos,62
2021-05-14,75-84 anos,89
2021-05-15,75-84 anos,66
2021-05-16,75-84 anos,96
2021-05-17,75-84 anos,77
2021-05-18,75-84 anos,69
2021-05-19,75-84 anos,73
2021-05-20,75-84 anos,89
2021-05-21,75-84 anos,85
2021-05-22,75-84 anos,62
2021-05-23,75-84 anos,74
2021-05-24,75-84 anos,83
2021-05-25,75-84 anos,77
2021-05-26,75-84 anos,74
2021-05-27,75-84 anos,79
2021-05-28,75-84 anos,71
2021-05-29,75-84 anos,87
2021-05-30,75-84 anos,76
2021-05-31,75-84 anos,71
2021-06-01,75-84 anos,84
2021-06-02,75-84 anos,70
2021-06-03,75-84 anos,78
2021-06-04,75-84 anos,80
2021-06-05,75-84 anos,83
2021-06-06,75-84 anos,71
2021-06-07,75-84 anos,82
2021-06-08,75-84 anos,83
2021-06-09,75-84 anos,76
2021-06-10,75-84 anos,86
2021-06-11,75-84 anos,71
2021-06-12,75-84 anos,85
2021-06-13,75-84 anos,67
2021-06-14,75-84 anos,66
2021-06-15,75-84 anos,85
2021-06-16,75-84 anos,96
2021-06-17,75-84 anos,83
2021-06-18,75-84 anos,64
2021-06-19,75-84 anos,61
2021-06-20,75-84 anos,69
2021-06-21,75-84 anos,69
2021-06-22,75-84 anos,54
2021-06-23,75-84 anos,66
2021-06-24,75-84 anos,69
2021-06-25,75-84 anos,74
2021-06-26,75-84 anos,86
2021-06-27,75-84 anos,74
2021-06-28,75-84 anos,76
2021-06-29,75-84 anos,79
2021-06-30,75-84 anos,78
2021-07-01,75-84 anos,85
2021-07-02,75-84 anos,73
2021-01-01,≥ 85 anos,201
2021-01-02,≥ 85 anos,172
2021-01-03,≥ 85 anos,210
2021-01-04,≥ 85 anos,208
2021-01-05,≥ 85 anos,233
2021-01-06,≥ 85 anos,252
2021-01-07,≥ 85 anos,262
2021-01-08,≥ 85 anos,249
2021-01-09,≥ 85 anos,267
2021-01-10,≥ 85 anos,285
2021-01-11,≥ 85 anos,300
2021-01-12,≥ 85 anos,308
2021-01-13,≥ 85 anos,290
2021-01-14,≥ 85 anos,312
2021-01-15,≥ 85 anos,324
2021-01-16,≥ 85 anos,312
2021-01-17,≥ 85 anos,312
2021-01-18,≥ 85 anos,311
2021-01-19,≥ 85 anos,342
2021-01-20,≥ 85 anos,338
2021-01-21,≥ 85 anos,345
2021-01-22,≥ 85 anos,337
2021-01-23,≥ 85 anos,355
2021-01-24,≥ 85 anos,364
2021-01-25,≥ 85 anos,336
2021-01-26,≥ 85 anos,327
2021-01-27,≥ 85 anos,370
2021-01-28,≥ 85 anos,317
2021-01-29,≥ 85 anos,298
2021-01-30,≥ 85 anos,306
2021-01-31,≥ 85 anos,289
2021-02-01,≥ 85 anos,297
2021-02-02,≥ 85 anos,263
2021-02-03,≥ 85 anos,283
2021-02-04,≥ 85 anos,271
2021-02-05,≥ 85 anos,235
2021-02-06,≥ 85 anos,227
2021-02-07,≥ 85 anos,229
2021-02-08,≥ 85 anos,231
2021-02-09,≥ 85 anos,243
2021-02-10,≥ 85 anos,217
2021-02-11,≥ 85 anos,239
2021-02-12,≥ 85 anos,218
2021-02-13,≥ 85 anos,176
2021-02-14,≥ 85 anos,188
2021-02-15,≥ 85 anos,182
2021-02-16,≥ 85 anos,216
2021-02-17,≥ 85 anos,188
2021-02-18,≥ 85 anos,156
2021-02-19,≥ 85 anos,174
2021-02-20,≥ 85 anos,169
2021-02-21,≥ 85 anos,185
2021-02-22,≥ 85 anos,158
2021-02-23,≥ 85 anos,154
2021-02-24,≥ 85 anos,153
2021-02-25,≥ 85 anos,174
2021-02-26,≥ 85 anos,150
2021-02-27,≥ 85 anos,150
2021-02-28,≥ 85 anos,149
2021-03-01,≥ 85 anos,149
2021-03-02,≥ 85 anos,124
2021-03-03,≥ 85 anos,143
2021-03-04,≥ 85 anos,138
2021-03-05,≥ 85 anos,152
2021-03-06,≥ 85 anos,126
2021-03-07,≥ 85 anos,126
2021-03-08,≥ 85 anos,140
2021-03-09,≥ 85 anos,136
2021-03-10,≥ 85 anos,139
2021-03-11,≥ 85 anos,93
2021-03-12,≥ 85 anos,131
2021-03-13,≥ 85 anos,128
2021-03-14,≥ 85 anos,120
2021-03-15,≥ 85 anos,120
2021-03-16,≥ 85 anos,129
2021-03-17,≥ 85 anos,131
2021-03-18,≥ 85 anos,128
2021-03-19,≥ 85 anos,134
2021-03-20,≥ 85 anos,135
2021-03-21,≥ 85 anos,117
2021-03-22,≥ 85 anos,129
2021-03-23,≥ 85 anos,129
2021-03-24,≥ 85 anos,123
2021-03-25,≥ 85 anos,117
2021-03-26,≥ 85 anos,133
2021-03-27,≥ 85 anos,115
2021-03-28,≥ 85 anos,123
2021-03-29,≥ 85 anos,120
2021-03-30,≥ 85 anos,133
2021-03-31,≥ 85 anos,120
2021-04-01,≥ 85 anos,133
2021-04-02,≥ 85 anos,138
2021-04-03,≥ 85 anos,121
2021-04-04,≥ 85 anos,117
2021-04-05,≥ 85 anos,109
2021-04-06,≥ 85 anos,109
2021-04-07,≥ 85 anos,110
2021-04-08,≥ 85 anos,124
2021-04-09,≥ 85 anos,116
2021-04-10,≥ 85 anos,105
2021-04-11,≥ 85 anos,111
2021-04-12,≥ 85 anos,107
2021-04-13,≥ 85 anos,101
2021-04-14,≥ 85 anos,101
2021-04-15,≥ 85 anos,126
2021-04-16,≥ 85 anos,119
2021-04-17,≥ 85 anos,115
2021-04-18,≥ 85 anos,123
2021-04-19,≥ 85 anos,124
2021-04-20,≥ 85 anos,107
2021-04-21,≥ 85 anos,112
2021-04-22,≥ 85 anos,124
2021-04-23,≥ 85 anos,127
2021-04-24,≥ 85 anos,101
2021-04-25,≥ 85 anos,125
2021-04-26,≥ 85 anos,126
2021-04-27,≥ 85 anos,128
2021-04-28,≥ 85 anos,99
2021-04-29,≥ 85 anos,93
2021-04-30,≥ 85 anos,101
2021-05-01,≥ 85 anos,112
2021-05-02,≥ 85 anos,96
2021-05-03,≥ 85 anos,132
2021-05-04,≥ 85 anos,116
2021-05-05,≥ 85 anos,128
2021-05-06,≥ 85 anos,103
2021-05-07,≥ 85 anos,126
2021-05-08,≥ 85 anos,137
2021-05-09,≥ 85 anos,113
2021-05-10,≥ 85 anos,108
2021-05-11,≥ 85 anos,96
2021-05-12,≥ 85 anos,98
2021-05-13,≥ 85 anos,124
2021-05-14,≥ 85 anos,106
2021-05-15,≥ 85 anos,130
2021-05-16,≥ 85 anos,118
2021-05-17,≥ 85 anos,118
2021-05-18,≥ 85 anos,94
2021-05-19,≥ 85 anos,128
2021-05-20,≥ 85 anos,110
2021-05-21,≥ 85 anos,117
2021-05-22,≥ 85 anos,106
2021-05-23,≥ 85 anos,91
2021-05-24,≥ 85 anos,98
2021-05-25,≥ 85 anos,116
2021-05-26,≥ 85 anos,119
2021-05-27,≥ 85 anos,123
2021-05-28,≥ 85 anos,112
2021-05-29,≥ 85 anos,138
2021-05-30,≥ 85 anos,97
2021-05-31,≥ 85 anos,130
2021-06-01,≥ 85 anos,112
2021-06-02,≥ 85 anos,112
2021-06-03,≥ 85 anos,93
2021-06-04,≥ 85 anos,91
2021-06-05,≥ 85 anos,102
2021-06-06,≥ 85 anos,124
2021-06-07,≥ 85 anos,108
2021-06-08,≥ 85 anos,116
2021-06-09,≥ 85 anos,116
2021-06-10,≥ 85 anos,127
2021-06-11,≥ 85 anos,115
2021-06-12,≥ 85 anos,110
2021-06-13,≥ 85 anos,129
2021-06-14,≥ 85 anos,126
2021-06-15,≥ 85 anos,126
2021-06-16,≥ 85 anos,124
2021-06-17,≥ 85 anos,112
2021-06-18,≥ 85 anos,106
2021-06-19,≥ 85 anos,117
2021-06-20,≥ 85 anos,106
2021-06-21,≥ 85 anos,122
2021-06-22,≥ 85 anos,118
2021-06-23,≥ 85 anos,75
2021-06-24,≥ 85 anos,108
2021-06-25,≥ 85 anos,127
2021-06-26,≥ 85 anos,105
2021-06-27,≥ 85 anos,118
2021-06-28,≥ 85 anos,121
2021-06-29,≥ 85 anos,108
2021-06-30,≥ 85 anos,107
2021-07-01,≥ 85 anos,106
2021-07-02,≥ 85 anos,113
2021-01-01,Desconhecido,0
2021-01-02,Desconhecido,0
2021-01-03,Desconhecido,0
2021-01-04,Desconhecido,0
2021-01-05,Desconhecido,0
2021-01-06,Desconhecido,0
2021-01-07,Desconhecido,1
2021-01-08,Desconhecido,0
2021-01-09,Desconhecido,2
2021-01-10,Desconhecido,0
2021-01-11,Desconhecido,0
2021-01-12,Desconhecido,0
2021-01-13,Desconhecido,0
2021-01-14,Desconhecido,0
2021-01-15,Desconhecido,0
2021-01-16,Desconhecido,0
2021-01-17,Desconhecido,0
2021-01-18,Desconhecido,0
2021-01-19,Desconhecido,0
2021-01-20,Desconhecido,0
2021-01-21,Desconhecido,1
2021-01-22,Desconhecido,0
2021-01-23,Desconhecido,0
2021-01-24,Desconhecido,0
2021-01-25,Desconhecido,0
2021-01-26,Desconhecido,0
2021-01-27,Desconhecido,0
2021-01-28,Desconhecido,1
2021-01-29,Desconhecido,0
2021-01-30,Desconhecido,0
2021-01-31,Desconhecido,0
2021-02-01,Desconhecido,1
2021-02-02,Desconhecido,0
2021-02-03,Desconhecido,0
2021-02-04,Desconhecido,0
2021-02-05,Desconhecido,0
2021-02-06,Desconhecido,0
2021-02-07,Desconhecido,0
2021-02-08,Desconhecido,0
2021-02-09,Desconhecido,1
2021-02-10,Desconhecido,0
2021-02-11,Desconhecido,0
2021-02-12,Desconhecido,0
2021-02-13,Desconhecido,0
2021-02-14,Desconhecido,1
2021-02-15,Desconhecido,0
2021-02-16,Desconhecido,0
2021-02-17,Desconhecido,1
2021-02-18,Desconhecido,0
2021-02-19,Desconhecido,0
2021-02-20,Desconhecido,0
2021-02-21,Desconhecido,0
2021-02-22,Desconhecido,0
2021-02-23,Desconhecido,0
2021-02-24,Desconhecido,0
2021-02-25,Desconhecido,1
2021-02-26,Desconhecido,0
2021-02-27,Desconhecido,0
2021-02-28,Desconhecido,0
2021-03-01,Desconhecido,0
2021-03-02,Desconhecido,0
2021-03-03,Desconhecido,0
2021-03-04,Desconhecido,0
2021-03-05,Desconhecido,0
2021-03-06,Desconhecido,0
2021-03-07,Desconhecido,0
2021-03-08,Desconhecido,0
2021-03-09,Desconhecido,0
2021-03-10,Desconhecido,0
2021-03-11,Desconhecido,0
2021-03-12,Desconhecido,0
2021-03-13,Desconhecido,0
2021-03-14,Desconhecido,0
2021-03-15,Desconhecido,0
2021-03-16,Desconhecido,0
2021-03-17,Desconhecido,0
2021-03-18,Desconhecido,0
2021-03-19,Desconhecido,0
2021-03-20,Desconhecido,1
2021-03-21,Desconhecido,0
2021-03-22,Desconhecido,0
2021-03-23,Desconhecido,0
2021-03-24,Desconhecido,0
2021-03-25,Desconhecido,0
2021-03-26,Desconhecido,0
2021-03-27,Desconhecido,0
2021-03-28,Desconhecido,0
2021-03-29,Desconhecido,0
2021-03-30,Desconhecido,0
2021-03-31,Desconhecido,1
2021-04-01,Desconhecido,1
2021-04-02,Desconhecido,0
2021-04-03,Desconhecido,1
2021-04-04,Desconhecido,0
2021-04-05,Desconhecido,0
2021-04-06,Desconhecido,0
2021-04-07,Desconhecido,0
2021-04-08,Desconhecido,0
2021-04-09,Desconhecido,0
2021-04-10,Desconhecido,0
2021-04-11,Desconhecido,0
2021-04-12,Desconhecido,0
2021-04-13,Desconhecido,0
2021-04-14,Desconhecido,0
2021-04-15,Desconhecido,0
2021-04-16,Desconhecido,0
2021-04-17,Desconhecido,0
2021-04-18,Desconhecido,0
2021-04-19,Desconhecido,0
2021-04-20,Desconhecido,0
2021-04-21,Desconhecido,0
2021-04-22,Desconhecido,0
2021-04-23,Desconhecido,0
2021-04-24,Desconhecido,0
2021-04-25,Desconhecido,0
2021-04-26,Desconhecido,0
2021-04-27,Desconhecido,0
2021-04-28,Desconhecido,0
2021-04-29,Desconhecido,0
2021-04-30,Desconhecido,0
2021-05-01,Desconhecido,0
2021-05-02,Desconhecido,0
2021-05-03,Desconhecido,1
2021-05-04,Desconhecido,0
2021-05-05,Desconhecido,0
2021-05-06,Desconhecido,0
2021-05-07,Desconhecido,0
2021-05-08,Desconhecido,0
2021-05-09,Desconhecido,0
2021-05-10,Desconhecido,0
2021-05-11,Desconhecido,0
2021-05-12,Desconhecido,0
2021-05-13,Desconhecido,0
2021-05-14,Desconhecido,0
2021-05-15,Desconhecido,0
2021-05-16,Desconhecido,0
2021-05-17,Desconhecido,0
2021-05-18,Desconhecido,0
2021-05-19,Desconhecido,0
2021-05-20,Desconhecido,0
2021-05-21,Desconhecido,0
2021-05-22,Desconhecido,0
2021-05-23,Desconhecido,0
2021-05-24,Desconhecido,0
2021-05-25,Desconhecido,0
2021-05-26,Desconhecido,0
2021-05-27,Desconhecido,0
2021-05-28,Desconhecido,0
2021-05-29,Desconhecido,0
2021-05-30,Desconhecido,1
2021-05-31,Desconhecido,0
2021-06-01,Desconhecido,0
2021-06-02,Desconhecido,0
2021-06-03,Desconhecido,0
2021-06-04,Desconhecido,0
2021-06-05,Desconhecido,0
2021-06-06,Desconhecido,0
2021-06-07,Desconhecido,0
2021-06-08,Desconhecido,0
2021-06-09,Desconhecido,0
2021-06-10,Desconhecido,0
2021-06-11,Desconhecido,0
2021-06-12,Desconhecido,0
2021-06-13,Desconhecido,0
2021-06-14,Desconhecido,0
2021-06-15,Desconhecido,0
2021-06-16,Desconhecido,0
2021-06-17,Desconhecido,0
2021-06-18,Desconhecido,0
2021-06-19,Desconhecido,0
2021-06-20,Desconhecido,0
2021-06-21,Desconhecido,0
2021-06-22,Desconhecido,0
2021-06-23,Desconhecido,0
2021-06-24,Desconhecido,0
2021-06-25,Desconhecido,0
2021-06-26,Desconhecido,1
2021-06-27,Desconhecido,0
2021-06-28,Desconhecido,0
2021-06-29,Desconhecido,0
2021-06-30,Desconhecido,0
2021-07-01,Desconhecido,0
2021-07-02,Desconhecido,0
